Timestamp,Latitude
0.0,32.94751
0.16683333333333333,32.94751
0.33366666666666667,32.94751
0.5005000000000001,32.94751
0.6673333333333333,32.94751
0.8341666666666667,32.94751
1.0010000000000001,32.94751
1.1678333333333333,32.94751
1.3346666666666667,32.94751
1.5015,32.94751
1.6683333333333334,32.94751
1.8351666666666666,32.94751
2.0020000000000002,32.94751
2.168833333333333,32.94751
2.3356666666666666,32.94751
2.5025,32.94751
2.6693333333333333,32.94751
2.8361666666666667,32.94751
3.003,32.94751
3.1698333333333335,32.94751
3.336666666666667,32.94751
3.5035000000000003,32.94751
3.6703333333333332,32.94751
3.8371666666666666,32.94751
4.0040000000000004,32.94751
4.170833333333333,32.94751
4.337666666666666,32.94751
4.5045,32.94751
4.671333333333333,32.94751
4.838166666666667,32.94751
5.005,32.94751
5.171833333333334,32.94751
5.338666666666667,32.94751
5.5055000000000005,32.94751
5.6723333333333334,32.94751
5.839166666666666,32.94751
6.006,32.94751
6.172833333333333,32.94751
6.339666666666667,32.94751
6.5065,32.94751
6.673333333333334,32.94751
6.840166666666667,32.94751
7.007000000000001,32.94751
7.1738333333333335,32.94751
7.3406666666666665,32.94751
7.5075,32.94751
7.674333333333333,32.94751
7.841166666666667,32.94751
8.008000000000001,32.94751
8.174833333333334,32.94751
8.341666666666667,32.94751
8.5085,32.94751
8.675333333333333,32.94751
8.842166666666667,32.94753
9.009,32.94753
9.175833333333333,32.94753
9.342666666666666,32.94753
9.509500000000001,32.94753
9.676333333333334,32.94756
9.843166666666667,32.94756
10.01,32.94756
10.176833333333333,32.94756
10.343666666666667,32.94756
10.5105,32.94756
10.677333333333333,32.94756
10.844166666666666,32.94756
11.011000000000001,32.94756
11.177833333333334,32.94756
11.344666666666667,32.94756
11.5115,32.94756
11.678333333333333,32.94756
11.845166666666668,32.94756
12.012,32.94756
12.178833333333333,32.94756
12.345666666666666,32.94756
12.512500000000001,32.94756
12.679333333333334,32.94756
12.846166666666667,32.94751
13.013,32.94751
13.179833333333333,32.94751
13.346666666666668,32.94751
13.5135,32.94751
13.680333333333333,32.94746
13.847166666666666,32.94746
14.014000000000001,32.94746
14.180833333333334,32.94746
14.347666666666667,32.94746
14.5145,32.94746
14.681333333333333,32.94735
14.848166666666668,32.94735
15.015,32.94735
15.181833333333334,32.94735
15.348666666666666,32.94735
15.5155,32.94735
15.682333333333334,32.94728
15.849166666666667,32.94728
16.016000000000002,32.94728
16.182833333333335,32.94728
16.349666666666668,32.94728
16.5165,32.94728
16.683333333333334,32.94728
16.850166666666667,32.94717
17.017,32.94717
17.183833333333332,32.94717
17.350666666666665,32.94717
17.517500000000002,32.94717
17.684333333333335,32.94717
17.851166666666668,32.94717
18.018,32.94717
18.184833333333334,32.94717
18.351666666666667,32.94717
18.5185,32.94717
18.685333333333332,32.94700
18.852166666666665,32.94700
19.019000000000002,32.94700
19.185833333333335,32.94700
19.352666666666668,32.94700
19.5195,32.94700
19.686333333333334,32.94689
19.853166666666667,32.94689
20.02,32.94689
20.186833333333333,32.94689
20.353666666666665,32.94689
20.520500000000002,32.94689
20.687333333333335,32.94689
20.854166666666668,32.94682
21.021,32.94682
21.187833333333334,32.94682
21.354666666666667,32.94682
21.5215,32.94682
21.688333333333333,32.94671
21.855166666666666,32.94671
22.022000000000002,32.94671
22.188833333333335,32.94671
22.355666666666668,32.94671
22.5225,32.94671
22.689333333333334,32.94664
22.856166666666667,32.94664
23.023,32.94664
23.189833333333333,32.94664
23.356666666666666,32.94664
23.523500000000002,32.94664
23.690333333333335,32.94664
23.857166666666668,32.94656
24.024,32.94656
24.190833333333334,32.94656
24.357666666666667,32.94656
24.5245,32.94656
24.691333333333333,32.94656
24.858166666666666,32.94656
25.025000000000002,32.94656
25.191833333333335,32.94656
25.358666666666668,32.94656
25.5255,32.94656
25.692333333333334,32.94638
25.859166666666667,32.94638
26.026,32.94638
26.192833333333333,32.94638
26.359666666666666,32.94638
26.526500000000002,32.94638
26.693333333333335,32.94630
26.860166666666668,32.94630
27.027,32.94630
27.193833333333334,32.94630
27.360666666666667,32.94630
27.5275,32.94630
27.694333333333333,32.94630
27.861166666666666,32.94623
28.028000000000002,32.94623
28.194833333333335,32.94623
28.361666666666668,32.94623
28.5285,32.94623
28.695333333333334,32.94623
28.862166666666667,32.94623
29.029,32.94623
29.195833333333333,32.94623
29.362666666666666,32.94623
29.529500000000002,32.94623
29.696333333333335,32.94607
29.863166666666668,32.94607
30.03,32.94607
30.196833333333334,32.94607
30.363666666666667,32.94607
30.5305,32.94607
30.697333333333333,32.94600
30.864166666666666,32.94600
31.031,32.94600
31.197833333333335,32.94600
31.36466666666667,32.94600
31.5315,32.94600
31.698333333333334,32.94600
31.865166666666667,32.94600
32.032000000000004,32.94595
32.19883333333333,32.94595
32.36566666666667,32.94595
32.5325,32.94595
32.699333333333335,32.94595
32.866166666666665,32.94587
33.033,32.94587
33.19983333333333,32.94587
33.36666666666667,32.94587
33.533500000000004,32.94587
33.70033333333333,32.94587
33.86716666666667,32.94587
34.034,32.94587
34.200833333333335,32.94587
34.367666666666665,32.94587
34.5345,32.94587
34.70133333333333,32.94572
34.86816666666667,32.94572
35.035000000000004,32.94572
35.20183333333333,32.94572
35.36866666666667,32.94572
35.5355,32.94572
35.702333333333335,32.94566
35.869166666666665,32.94566
36.036,32.94566
36.20283333333333,32.94566
36.36966666666667,32.94566
36.536500000000004,32.94566
36.70333333333333,32.94566
36.87016666666667,32.94566
37.037,32.94566
37.203833333333336,32.94566
37.370666666666665,32.94566
37.5375,32.94566
37.70433333333333,32.94551
37.87116666666667,32.94551
38.038000000000004,32.94551
38.20483333333333,32.94551
38.37166666666667,32.94551
38.5385,32.94551
38.705333333333336,32.94546
38.872166666666665,32.94546
39.039,32.94546
39.20583333333333,32.94546
39.37266666666667,32.94546
39.539500000000004,32.94546
39.70633333333333,32.94546
39.87316666666667,32.94538
40.04,32.94538
40.206833333333336,32.94538
40.373666666666665,32.94538
40.5405,32.94538
40.70733333333333,32.94531
40.87416666666667,32.94531
41.041000000000004,32.94531
41.20783333333333,32.94531
41.37466666666667,32.94531
41.5415,32.94531
41.708333333333336,32.94525
41.875166666666665,32.94525
42.042,32.94525
42.20883333333333,32.94525
42.37566666666667,32.94525
42.542500000000004,32.94525
42.70933333333333,32.94518
42.87616666666667,32.94518
43.043,32.94518
43.209833333333336,32.94518
43.376666666666665,32.94518
43.5435,32.94518
43.71033333333333,32.94518
43.87716666666667,32.94513
44.044000000000004,32.94513
44.21083333333333,32.94513
44.37766666666667,32.94513
44.5445,32.94513
44.711333333333336,32.94513
44.878166666666665,32.94505
45.045,32.94505
45.21183333333333,32.94505
45.37866666666667,32.94505
45.545500000000004,32.94505
45.71233333333333,32.94505
45.87916666666667,32.94505
46.046,32.94505
46.212833333333336,32.94505
46.379666666666665,32.94505
46.5465,32.94505
46.71333333333333,32.94492
46.88016666666667,32.94492
47.047000000000004,32.94492
47.21383333333333,32.94492
47.38066666666667,32.94492
47.5475,32.94492
47.714333333333336,32.94492
47.881166666666665,32.94492
48.048,32.94492
48.21483333333333,32.94492
48.38166666666667,32.94492
48.548500000000004,32.94492
48.715333333333334,32.94492
48.88216666666667,32.94492
49.049,32.94492
49.215833333333336,32.94492
49.382666666666665,32.94492
49.5495,32.94492
49.71633333333333,32.94490
49.88316666666667,32.94490
50.050000000000004,32.94490
50.216833333333334,32.94490
50.38366666666667,32.94490
50.5505,32.94490
50.717333333333336,32.94495
50.884166666666665,32.94495
51.051,32.94495
51.21783333333333,32.94495
51.38466666666667,32.94495
51.551500000000004,32.94495
51.718333333333334,32.94495
51.88516666666667,32.94497
52.052,32.94497
52.218833333333336,32.94497
52.385666666666665,32.94497
52.5525,32.94497
52.71933333333333,32.94497
52.88616666666667,32.94497
53.053000000000004,32.94497
53.219833333333334,32.94497
53.38666666666667,32.94497
53.5535,32.94497
53.720333333333336,32.94508
53.887166666666666,32.94508
54.054,32.94508
54.22083333333333,32.94508
54.38766666666667,32.94508
54.554500000000004,32.94508
54.721333333333334,32.94510
54.88816666666667,32.94510
55.055,32.94510
55.221833333333336,32.94510
55.388666666666666,32.94510
55.5555,32.94510
55.72233333333333,32.94510
55.88916666666667,32.94510
56.056000000000004,32.94510
56.222833333333334,32.94510
56.38966666666667,32.94510
56.5565,32.94510
56.723333333333336,32.94510
56.890166666666666,32.94520
57.057,32.94520
57.22383333333333,32.94520
57.39066666666667,32.94520
57.557500000000005,32.94520
57.724333333333334,32.94523
57.89116666666667,32.94523
58.058,32.94523
58.224833333333336,32.94523
58.391666666666666,32.94523
58.5585,32.94523
58.72533333333333,32.94528
58.89216666666667,32.94528
59.059000000000005,32.94528
59.225833333333334,32.94528
59.39266666666667,32.94528
59.5595,32.94528
59.726333333333336,32.94528
59.893166666666666,32.94536
60.06,32.94536
60.22683333333333,32.94536
60.39366666666667,32.94536
60.5605,32.94536
60.727333333333334,32.94538
60.89416666666667,32.94538
61.061,32.94538
61.227833333333336,32.94538
61.394666666666666,32.94538
61.5615,32.94538
61.72833333333333,32.94538
61.89516666666667,32.94538
62.062,32.94538
62.228833333333334,32.94538
62.39566666666667,32.94538
62.5625,32.94538
62.72933333333334,32.94546
62.896166666666666,32.94546
63.063,32.94546
63.22983333333333,32.94546
63.39666666666667,32.94546
63.5635,32.94546
63.730333333333334,32.94546
63.89716666666667,32.94556
64.06400000000001,32.94556
64.23083333333334,32.94556
64.39766666666667,32.94556
64.5645,32.94556
64.73133333333334,32.94556
64.89816666666667,32.94559
65.065,32.94559
65.23183333333334,32.94559
65.39866666666667,32.94559
65.5655,32.94559
65.73233333333333,32.94561
65.89916666666667,32.94561
66.066,32.94561
66.23283333333333,32.94561
66.39966666666666,32.94561
66.5665,32.94561
66.73333333333333,32.94561
66.90016666666666,32.94561
67.06700000000001,32.94561
67.23383333333334,32.94561
67.40066666666667,32.94561
67.5675,32.94561
67.73433333333334,32.94561
67.90116666666667,32.94566
68.068,32.94566
68.23483333333334,32.94566
68.40166666666667,32.94566
68.5685,32.94566
68.73533333333333,32.94566
68.90216666666667,32.94569
69.069,32.94569
69.23583333333333,32.94569
69.40266666666666,32.94569
69.5695,32.94569
69.73633333333333,32.94574
69.90316666666666,32.94574
70.07000000000001,32.94574
70.23683333333334,32.94574
70.40366666666667,32.94574
70.5705,32.94574
70.73733333333334,32.94574
70.90416666666667,32.94574
71.071,32.94574
71.23783333333334,32.94574
71.40466666666667,32.94574
71.5715,32.94574
71.73833333333333,32.94574
71.90516666666667,32.94574
72.072,32.94574
72.23883333333333,32.94574
72.40566666666666,32.94574
72.5725,32.94574
72.73933333333333,32.94574
72.90616666666666,32.94577
73.07300000000001,32.94577
73.23983333333334,32.94577
73.40666666666667,32.94577
73.5735,32.94577
73.74033333333334,32.94577
73.90716666666667,32.94577
74.074,32.94577
74.24083333333334,32.94577
74.40766666666667,32.94577
74.5745,32.94577
74.74133333333333,32.94577
74.90816666666667,32.94577
75.075,32.94577
75.24183333333333,32.94577
75.40866666666666,32.94577
75.5755,32.94577
75.74233333333333,32.94577
75.90916666666666,32.94577
76.07600000000001,32.94577
76.24283333333334,32.94577
76.40966666666667,32.94577
76.5765,32.94577
76.74333333333334,32.94577
76.91016666666667,32.94582
77.077,32.94582
77.24383333333334,32.94582
77.41066666666667,32.94582
77.5775,32.94579
77.74433333333333,32.94579
77.91116666666667,32.94579
78.078,32.94579
78.24483333333333,32.94579
78.41166666666666,32.94579
78.5785,32.94579
78.74533333333333,32.94582
78.91216666666666,32.94582
79.07900000000001,32.94582
79.24583333333334,32.94582
79.41266666666667,32.94582
79.5795,32.94582
79.74633333333334,32.94582
79.91316666666667,32.94582
80.08,32.94582
80.24683333333333,32.94582
80.41366666666667,32.94582
80.5805,32.94582
80.74733333333333,32.94582
80.91416666666667,32.94582
81.081,32.94582
81.24783333333333,32.94582
81.41466666666666,32.94582
81.5815,32.94582
81.74833333333333,32.94582
81.91516666666666,32.94582
82.08200000000001,32.94582
82.24883333333334,32.94582
82.41566666666667,32.94582
82.5825,32.94584
82.74933333333334,32.94584
82.91616666666667,32.94584
83.083,32.94584
83.24983333333333,32.94584
83.41666666666667,32.94584
83.5835,32.94584
83.75033333333333,32.94584
83.91716666666667,32.94582
84.084,32.94582
84.25083333333333,32.94582
84.41766666666666,32.94582
84.5845,32.94582
84.75133333333333,32.94582
84.91816666666666,32.94587
85.08500000000001,32.94587
85.25183333333334,32.94587
85.41866666666667,32.94587
85.5855,32.94589
85.75233333333334,32.94589
85.91916666666667,32.94589
86.086,32.94589
86.25283333333333,32.94589
86.41966666666667,32.94589
86.5865,32.94587
86.75333333333333,32.94587
86.92016666666667,32.94587
87.087,32.94587
87.25383333333333,32.94587
87.42066666666666,32.94587
87.5875,32.94587
87.75433333333334,32.94587
87.92116666666666,32.94587
88.08800000000001,32.94587
88.25483333333334,32.94587
88.42166666666667,32.94587
88.5885,32.94587
88.75533333333334,32.94587
88.92216666666667,32.94589
89.089,32.94589
89.25583333333333,32.94589
89.42266666666667,32.94589
89.5895,32.94589
89.75633333333333,32.94589
89.92316666666667,32.94589
90.09,32.94589
90.25683333333333,32.94589
90.42366666666666,32.94589
90.5905,32.94589
90.75733333333334,32.94589
90.92416666666666,32.94589
91.09100000000001,32.94589
91.25783333333334,32.94589
91.42466666666667,32.94589
91.5915,32.94589
91.75833333333334,32.94589
91.92516666666667,32.94592
92.092,32.94592
92.25883333333333,32.94592
92.42566666666667,32.94592
92.5925,32.94592
92.75933333333333,32.94592
92.92616666666667,32.94595
93.093,32.94595
93.25983333333333,32.94595
93.42666666666666,32.94595
93.5935,32.94595
93.76033333333334,32.94595
93.92716666666666,32.94595
94.09400000000001,32.94595
94.26083333333334,32.94595
94.42766666666667,32.94595
94.5945,32.94600
94.76133333333334,32.94600
94.92816666666667,32.94600
95.095,32.94600
95.26183333333333,32.94600
95.42866666666667,32.94600
95.5955,32.94600
95.76233333333333,32.94600
95.92916666666667,32.94602
96.096,32.94602
96.26283333333333,32.94602
96.42966666666666,32.94602
96.5965,32.94602
96.76333333333334,32.94602
96.93016666666666,32.94607
97.09700000000001,32.94607
97.26383333333334,32.94607
97.43066666666667,32.94607
97.5975,32.94612
97.76433333333334,32.94612
97.93116666666667,32.94612
98.098,32.94612
98.26483333333333,32.94612
98.43166666666667,32.94612
98.5985,32.94618
98.76533333333333,32.94618
98.93216666666667,32.94618
99.099,32.94618
99.26583333333333,32.94618
99.43266666666666,32.94618
99.5995,32.94618
99.76633333333334,32.94618
99.93316666666666,32.94623
100.10000000000001,32.94623
100.26683333333334,32.94623
100.43366666666667,32.94623
100.6005,32.94623
100.76733333333334,32.94623
100.93416666666667,32.94625
101.101,32.94625
101.26783333333333,32.94625
101.43466666666667,32.94625
101.6015,32.94628
101.76833333333333,32.94628
101.93516666666667,32.94628
102.102,32.94628
102.26883333333333,32.94628
102.43566666666666,32.94628
102.6025,32.94630
102.76933333333334,32.94630
102.93616666666667,32.94630
103.10300000000001,32.94630
103.26983333333334,32.94630
103.43666666666667,32.94630
103.6035,32.94630
103.77033333333334,32.94630
103.93716666666667,32.94638
104.104,32.94638
104.27083333333333,32.94638
104.43766666666667,32.94638
104.6045,32.94638
104.77133333333333,32.94638
104.93816666666667,32.94643
105.105,32.94643
105.27183333333333,32.94643
105.43866666666666,32.94643
105.6055,32.94646
105.77233333333334,32.94646
105.93916666666667,32.94646
106.10600000000001,32.94646
106.27283333333334,32.94646
106.43966666666667,32.94646
106.6065,32.94648
106.77333333333334,32.94648
106.94016666666667,32.94648
107.107,32.94648
107.27383333333333,32.94648
107.44066666666667,32.94648
107.6075,32.94648
107.77433333333333,32.94648
107.94116666666667,32.94653
108.108,32.94653
108.27483333333333,32.94653
108.44166666666666,32.94653
108.6085,32.94656
108.77533333333334,32.94656
108.94216666666667,32.94656
109.10900000000001,32.94656
109.27583333333334,32.94656
109.44266666666667,32.94656
109.6095,32.94659
109.77633333333334,32.94659
109.94316666666667,32.94659
110.11,32.94659
110.27683333333333,32.94659
110.44366666666667,32.94659
110.6105,32.94664
110.77733333333333,32.94664
110.94416666666667,32.94664
111.111,32.94664
111.27783333333333,32.94664
111.44466666666666,32.94664
111.6115,32.94664
111.77833333333334,32.94664
111.94516666666667,32.94669
112.11200000000001,32.94669
112.27883333333334,32.94669
112.44566666666667,32.94669
112.6125,32.94669
112.77933333333334,32.94669
112.94616666666667,32.94671
113.113,32.94671
113.27983333333333,32.94671
113.44666666666667,32.94671
113.6135,32.94676
113.78033333333333,32.94676
113.94716666666667,32.94676
114.114,32.94676
114.28083333333333,32.94676
114.44766666666666,32.94676
114.6145,32.94682
114.78133333333334,32.94682
114.94816666666667,32.94682
115.11500000000001,32.94682
115.28183333333334,32.94682
115.44866666666667,32.94682
115.6155,32.94682
115.78233333333334,32.94682
115.94916666666667,32.94684
116.116,32.94684
116.28283333333333,32.94684
116.44966666666667,32.94684
116.6165,32.94684
116.78333333333333,32.94689
116.95016666666668,32.94689
117.117,32.94689
117.28383333333333,32.94689
117.45066666666666,32.94689
117.6175,32.94694
117.78433333333334,32.94694
117.95116666666667,32.94694
118.11800000000001,32.94694
118.28483333333334,32.94694
118.45166666666667,32.94694
118.6185,32.94697
118.78533333333334,32.94697
118.95216666666667,32.94697
119.119,32.94697
119.28583333333333,32.94697
119.45266666666667,32.94697
119.6195,32.94700
119.78633333333333,32.94700
119.95316666666668,32.94700
120.12,32.94700
120.28683333333333,32.94700
120.45366666666666,32.94700
120.6205,32.94700
120.78733333333334,32.94700
120.95416666666667,32.94700
121.121,32.94700
121.28783333333334,32.94700
121.45466666666667,32.94700
121.6215,32.94702
121.78833333333334,32.94702
121.95516666666667,32.94702
122.122,32.94702
122.28883333333333,32.94702
122.45566666666667,32.94702
122.6225,32.94702
122.78933333333333,32.94702
122.95616666666668,32.94702
123.123,32.94702
123.28983333333333,32.94702
123.45666666666666,32.94702
123.6235,32.94702
123.79033333333334,32.94702
123.95716666666667,32.94702
124.124,32.94702
124.29083333333334,32.94702
124.45766666666667,32.94702
124.6245,32.94702
124.79133333333334,32.94702
124.95816666666667,32.94702
125.125,32.94702
125.29183333333333,32.94702
125.45866666666667,32.94702
125.6255,32.94705
125.79233333333333,32.94705
125.95916666666668,32.94705
126.126,32.94705
126.29283333333333,32.94705
126.45966666666666,32.94705
126.62650000000001,32.94707
126.79333333333334,32.94707
126.96016666666667,32.94707
127.127,32.94707
127.29383333333334,32.94707
127.46066666666667,32.94707
127.6275,32.94707
127.79433333333334,32.94710
127.96116666666667,32.94710
128.12800000000001,32.94710
128.29483333333334,32.94710
128.46166666666667,32.94710
128.6285,32.94710
128.79533333333333,32.94710
128.96216666666666,32.94710
129.129,32.94710
129.29583333333335,32.94710
129.46266666666668,32.94710
129.6295,32.94717
129.79633333333334,32.94717
129.96316666666667,32.94717
130.13,32.94717
130.29683333333332,32.94717
130.46366666666668,32.94717
130.6305,32.94720
130.79733333333334,32.94720
130.96416666666667,32.94720
131.131,32.94720
131.29783333333333,32.94720
131.46466666666666,32.94720
131.6315,32.94720
131.79833333333335,32.94723
131.96516666666668,32.94723
132.132,32.94723
132.29883333333333,32.94723
132.46566666666666,32.94723
132.6325,32.94723
132.79933333333332,32.94725
132.96616666666668,32.94725
133.133,32.94725
133.29983333333334,32.94725
133.46666666666667,32.94725
133.6335,32.94725
133.80033333333333,32.94725
133.96716666666666,32.94725
134.13400000000001,32.94725
134.30083333333334,32.94725
134.46766666666667,32.94725
134.6345,32.94728
134.80133333333333,32.94728
134.96816666666666,32.94728
135.135,32.94728
135.30183333333335,32.94728
135.46866666666668,32.94728
135.6355,32.94730
135.80233333333334,32.94730
135.96916666666667,32.94730
136.136,32.94730
136.30283333333333,32.94730
136.46966666666668,32.94730
136.6365,32.94730
136.80333333333334,32.94735
136.97016666666667,32.94735
137.137,32.94735
137.30383333333333,32.94735
137.47066666666666,32.94735
137.6375,32.94735
137.80433333333335,32.94735
137.97116666666668,32.94735
138.138,32.94735
138.30483333333333,32.94735
138.47166666666666,32.94735
138.6385,32.94740
138.80533333333332,32.94740
138.97216666666668,32.94740
139.139,32.94740
139.30583333333334,32.94740
139.47266666666667,32.94740
139.6395,32.94746
139.80633333333333,32.94746
139.97316666666666,32.94746
140.14000000000001,32.94746
140.30683333333334,32.94746
140.47366666666667,32.94746
140.6405,32.94748
140.80733333333333,32.94748
140.97416666666666,32.94748
141.141,32.94748
141.30783333333335,32.94748
141.47466666666668,32.94748
141.6415,32.94753
141.80833333333334,32.94753
141.97516666666667,32.94753
142.142,32.94753
142.30883333333333,32.94753
142.47566666666668,32.94753
142.6425,32.94758
142.80933333333334,32.94758
142.97616666666667,32.94758
143.143,32.94758
143.30983333333333,32.94758
143.47666666666666,32.94758
143.6435,32.94761
143.81033333333335,32.94761
143.97716666666668,32.94761
144.144,32.94761
144.31083333333333,32.94761
144.47766666666666,32.94761
144.6445,32.94764
144.81133333333332,32.94764
144.97816666666668,32.94764
145.145,32.94764
145.31183333333334,32.94764
145.47866666666667,32.94764
145.6455,32.94766
145.81233333333333,32.94766
145.97916666666666,32.94766
146.14600000000002,32.94766
146.31283333333334,32.94766
146.47966666666667,32.94766
146.6465,32.94766
146.81333333333333,32.94766
146.98016666666666,32.94766
147.147,32.94766
147.31383333333335,32.94766
147.48066666666668,32.94766
147.6475,32.94766
147.81433333333334,32.94766
147.98116666666667,32.94769
148.148,32.94769
148.31483333333333,32.94769
148.48166666666668,32.94769
148.6485,32.94769
148.81533333333334,32.94769
148.98216666666667,32.94769
149.149,32.94769
149.31583333333333,32.94769
149.48266666666666,32.94769
149.6495,32.94774
149.81633333333335,32.94774
149.98316666666668,32.94774
150.15,32.94774
150.31683333333334,32.94774
150.48366666666666,32.94774
150.6505,32.94779
150.81733333333332,32.94779
150.98416666666668,32.94779
151.151,32.94779
151.31783333333334,32.94779
151.48466666666667,32.94779
151.6515,32.94779
151.81833333333333,32.94779
151.98516666666666,32.94779
152.15200000000002,32.94779
152.31883333333334,32.94779
152.48566666666667,32.94779
152.6525,32.94779
152.81933333333333,32.94781
152.98616666666666,32.94781
153.153,32.94781
153.31983333333335,32.94781
153.48666666666668,32.94781
153.6535,32.94787
153.82033333333334,32.94787
153.98716666666667,32.94787
154.154,32.94787
154.32083333333333,32.94787
154.48766666666668,32.94787
154.6545,32.94787
154.82133333333334,32.94787
154.98816666666667,32.94787
155.155,32.94787
155.32183333333333,32.94787
155.48866666666666,32.94787
155.6555,32.94787
155.82233333333335,32.94789
155.98916666666668,32.94789
156.156,32.94789
156.32283333333334,32.94789
156.48966666666666,32.94789
156.6565,32.94789
156.82333333333332,32.94792
156.99016666666668,32.94792
157.157,32.94792
157.32383333333334,32.94792
157.49066666666667,32.94792
157.6575,32.94794
157.82433333333333,32.94794
157.99116666666666,32.94794
158.15800000000002,32.94794
158.32483333333334,32.94794
158.49166666666667,32.94794
158.6585,32.94797
158.82533333333333,32.94797
158.99216666666666,32.94797
159.159,32.94797
159.32583333333335,32.94797
159.49266666666668,32.94797
159.6595,32.94797
159.82633333333334,32.94799
159.99316666666667,32.94799
160.16,32.94799
160.32683333333333,32.94799
160.49366666666666,32.94799
160.6605,32.94799
160.82733333333334,32.94804
160.99416666666667,32.94804
161.161,32.94804
161.32783333333333,32.94804
161.49466666666666,32.94804
161.6615,32.94807
161.82833333333335,32.94807
161.99516666666668,32.94807
162.162,32.94807
162.32883333333334,32.94807
162.49566666666666,32.94807
162.6625,32.94812
162.82933333333332,32.94812
162.99616666666668,32.94812
163.163,32.94812
163.32983333333334,32.94812
163.49666666666667,32.94812
163.6635,32.94812
163.83033333333333,32.94815
163.99716666666666,32.94815
164.16400000000002,32.94815
164.33083333333335,32.94815
164.49766666666667,32.94815
164.6645,32.94815
164.83133333333333,32.94815
164.99816666666666,32.94815
165.165,32.94815
165.33183333333335,32.94815
165.49866666666668,32.94815
165.6655,32.94817
165.83233333333334,32.94817
165.99916666666667,32.94817
166.166,32.94817
166.33283333333333,32.94817
166.49966666666666,32.94817
166.6665,32.94820
166.83333333333334,32.94820
167.00016666666667,32.94820
167.167,32.94820
167.33383333333333,32.94820
167.50066666666666,32.94820
167.6675,32.94820
167.83433333333335,32.94825
168.00116666666668,32.94825
168.168,32.94825
168.33483333333334,32.94825
168.50166666666667,32.94825
168.6685,32.94825
168.83533333333332,32.94828
169.00216666666668,32.94828
169.169,32.94828
169.33583333333334,32.94828
169.50266666666667,32.94828
169.6695,32.94830
169.83633333333333,32.94830
170.00316666666666,32.94830
170.17000000000002,32.94830
170.33683333333335,32.94830
170.50366666666667,32.94830
170.6705,32.94835
170.83733333333333,32.94835
171.00416666666666,32.94835
171.171,32.94835
171.33783333333335,32.94835
171.50466666666668,32.94835
171.6715,32.94835
171.83833333333334,32.94835
172.00516666666667,32.94835
172.172,32.94835
172.33883333333333,32.94835
172.50566666666666,32.94835
172.6725,32.94835
172.83933333333334,32.94840
173.00616666666667,32.94840
173.173,32.94840
173.33983333333333,32.94840
173.50666666666666,32.94840
173.6735,32.94843
173.84033333333335,32.94843
174.00716666666668,32.94843
174.174,32.94843
174.34083333333334,32.94843
174.50766666666667,32.94843
174.6745,32.94843
174.84133333333332,32.94843
175.00816666666668,32.94843
175.175,32.94843
175.34183333333334,32.94843
175.50866666666667,32.94843
175.6755,32.94843
175.84233333333333,32.94848
176.00916666666666,32.94848
176.17600000000002,32.94848
176.34283333333335,32.94848
176.50966666666667,32.94848
176.6765,32.94848
176.84333333333333,32.94848
177.01016666666666,32.94848
177.177,32.94848
177.34383333333335,32.94848
177.51066666666668,32.94848
177.6775,32.94851
177.84433333333334,32.94851
178.01116666666667,32.94851
178.178,32.94851
178.34483333333333,32.94851
178.51166666666666,32.94851
178.6785,32.94848
178.84533333333334,32.94848
179.01216666666667,32.94848
179.179,32.94848
179.34583333333333,32.94848
179.51266666666666,32.94848
179.6795,32.94848
179.84633333333335,32.94848
180.01316666666668,32.94848
180.18,32.94848
180.34683333333334,32.94848
180.51366666666667,32.94848
180.6805,32.94851
180.84733333333332,32.94851
181.01416666666668,32.94851
181.181,32.94851
181.34783333333334,32.94851
181.51466666666667,32.94851
181.6815,32.94851
181.84833333333333,32.94851
182.01516666666666,32.94851
182.18200000000002,32.94851
182.34883333333335,32.94851
182.51566666666668,32.94851
182.6825,32.94853
182.84933333333333,32.94853
183.01616666666666,32.94853
183.183,32.94853
183.34983333333335,32.94853
183.51666666666668,32.94853
183.6835,32.94853
183.85033333333334,32.94853
184.01716666666667,32.94853
184.184,32.94853
184.35083333333333,32.94853
184.51766666666666,32.94853
184.6845,32.94853
184.85133333333334,32.94861
185.01816666666667,32.94861
185.185,32.94861
185.35183333333333,32.94861
185.51866666666666,32.94861
185.6855,32.94866
185.85233333333335,32.94866
186.01916666666668,32.94866
186.186,32.94866
186.35283333333334,32.94866
186.51966666666667,32.94866
186.6865,32.94871
186.85333333333332,32.94871
187.02016666666668,32.94871
187.187,32.94871
187.35383333333334,32.94871
187.52066666666667,32.94871
187.6875,32.94871
187.85433333333333,32.94876
188.02116666666666,32.94876
188.18800000000002,32.94876
188.35483333333335,32.94876
188.52166666666668,32.94876
188.6885,32.94879
188.85533333333333,32.94879
189.02216666666666,32.94879
189.189,32.94879
189.35583333333335,32.94879
189.52266666666668,32.94879
189.6895,32.94884
189.85633333333334,32.94884
190.02316666666667,32.94884
190.19,32.94884
190.35683333333333,32.94884
190.52366666666666,32.94884
190.69050000000001,32.94889
190.85733333333334,32.94889
191.02416666666667,32.94889
191.191,32.94889
191.35783333333333,32.94889
191.52466666666666,32.94889
191.6915,32.94889
191.85833333333335,32.94892
192.02516666666668,32.94892
192.192,32.94892
192.35883333333334,32.94892
192.52566666666667,32.94892
192.6925,32.94892
192.85933333333332,32.94894
193.02616666666668,32.94894
193.193,32.94894
193.35983333333334,32.94894
193.52666666666667,32.94894
193.6935,32.94897
193.86033333333333,32.94897
194.02716666666666,32.94897
194.19400000000002,32.94897
194.36083333333335,32.94897
194.52766666666668,32.94897
194.6945,32.94899
194.86133333333333,32.94899
195.02816666666666,32.94899
195.195,32.94899
195.36183333333335,32.94899
195.52866666666668,32.94899
195.6955,32.94899
195.86233333333334,32.94904
196.02916666666667,32.94904
196.196,32.94904
196.36283333333333,32.94904
196.52966666666666,32.94904
196.69650000000001,32.94904
196.86333333333334,32.94907
197.03016666666667,32.94907
197.197,32.94907
197.36383333333333,32.94907
197.53066666666666,32.94907
197.6975,32.94915
197.86433333333335,32.94915
198.03116666666668,32.94915
198.198,32.94915
198.36483333333334,32.94915
198.53166666666667,32.94915
198.6985,32.94920
198.86533333333333,32.94920
199.03216666666668,32.94920
199.199,32.94920
199.36583333333334,32.94920
199.53266666666667,32.94920
199.6995,32.94920
199.86633333333333,32.94927
200.03316666666666,32.94927
200.20000000000002,32.94927
200.36683333333335,32.94927
200.53366666666668,32.94927
200.7005,32.94927
200.86733333333333,32.94935
201.03416666666666,32.94935
201.201,32.94935
201.36783333333332,32.94935
201.53466666666668,32.94935
201.7015,32.94943
201.86833333333334,32.94943
202.03516666666667,32.94943
202.202,32.94943
202.36883333333333,32.94943
202.53566666666666,32.94943
202.70250000000001,32.94950
202.86933333333334,32.94950
203.03616666666667,32.94950
203.203,32.94950
203.36983333333333,32.94950
203.53666666666666,32.94950
203.7035,32.94950
203.87033333333335,32.94961
204.03716666666668,32.94961
204.204,32.94961
204.37083333333334,32.94961
204.53766666666667,32.94961
204.7045,32.94961
204.87133333333333,32.94968
205.03816666666668,32.94968
205.205,32.94968
205.37183333333334,32.94968
205.53866666666667,32.94968
205.7055,32.94968
205.87233333333333,32.94968
206.03916666666666,32.94968
206.20600000000002,32.94968
206.37283333333335,32.94968
206.53966666666668,32.94968
206.7065,32.94968
206.87333333333333,32.94968
207.04016666666666,32.94968
207.207,32.94968
207.37383333333332,32.94968
207.54066666666668,32.94968
207.7075,32.94968
207.87433333333334,32.94968
208.04116666666667,32.94968
208.208,32.94968
208.37483333333333,32.94968
208.54166666666666,32.94968
208.70850000000002,32.94968
208.87533333333334,32.94968
209.04216666666667,32.94968
209.209,32.94968
209.37583333333333,32.94968
209.54266666666666,32.94968
209.7095,32.94968
209.87633333333335,32.94968
210.04316666666668,32.94968
210.21,32.94968
210.37683333333334,32.94968
210.54366666666667,32.94968
210.7105,32.94968
210.87733333333333,32.94968
211.04416666666668,32.94968
211.211,32.94968
211.37783333333334,32.94968
211.54466666666667,32.94968
211.7115,32.94968
211.87833333333333,32.94968
212.04516666666666,32.94968
212.21200000000002,32.94968
212.37883333333335,32.94968
212.54566666666668,32.94968
212.7125,32.94968
212.87933333333334,32.94968
213.04616666666666,32.94968
213.213,32.94968
213.37983333333332,32.94968
213.54666666666668,32.94968
213.7135,32.94968
213.88033333333334,32.94968
214.04716666666667,32.94968
214.214,32.94968
214.38083333333333,32.94968
214.54766666666666,32.94968
214.71450000000002,32.94968
214.88133333333334,32.94968
215.04816666666667,32.94968
215.215,32.94968
215.38183333333333,32.94968
215.54866666666666,32.94968
215.7155,32.94968
215.88233333333335,32.94968
216.04916666666668,32.94968
216.216,32.94968
216.38283333333334,32.94968
216.54966666666667,32.94968
216.7165,32.94968
216.88333333333333,32.94968
217.05016666666668,32.94968
217.217,32.94968
217.38383333333334,32.94968
217.55066666666667,32.94968
217.7175,32.94968
217.88433333333333,32.94968
218.05116666666666,32.94968
218.21800000000002,32.94968
218.38483333333335,32.94968
218.55166666666668,32.94968
218.7185,32.94968
218.88533333333334,32.94968
219.05216666666666,32.94968
219.219,32.94968
219.38583333333332,32.94968
219.55266666666668,32.94968
219.7195,32.94968
219.88633333333334,32.94968
220.05316666666667,32.94968
220.22,32.94968
220.38683333333333,32.94968
220.55366666666666,32.94968
220.72050000000002,32.94968
220.88733333333334,32.94968
221.05416666666667,32.94968
221.221,32.94968
221.38783333333333,32.94968
221.55466666666666,32.94968
221.7215,32.94968
221.88833333333335,32.94968
222.05516666666668,32.94968
222.222,32.94968
222.38883333333334,32.94968
222.55566666666667,32.94968
222.7225,32.94968
222.88933333333333,32.94968
223.05616666666668,32.94968
223.223,32.94968
223.38983333333334,32.94968
223.55666666666667,32.94968
223.7235,32.94968
223.89033333333333,32.94968
224.05716666666666,32.94968
224.22400000000002,32.94968
224.39083333333335,32.94968
224.55766666666668,32.94968
224.7245,32.94968
224.89133333333334,32.94968
225.05816666666666,32.94968
225.225,32.94968
225.39183333333332,32.94968
225.55866666666668,32.94968
225.7255,32.94968
225.89233333333334,32.94968
226.05916666666667,32.94968
226.226,32.94968
226.39283333333333,32.94968
226.55966666666666,32.94968
226.72650000000002,32.94968
226.89333333333335,32.94968
227.06016666666667,32.94968
227.227,32.94968
227.39383333333333,32.94968
227.56066666666666,32.94968
227.7275,32.94968
227.89433333333335,32.94968
228.06116666666668,32.94968
228.228,32.94968
228.39483333333334,32.94968
228.56166666666667,32.94968
228.7285,32.94968
228.89533333333333,32.94968
229.06216666666668,32.94968
229.229,32.94968
229.39583333333334,32.94968
229.56266666666667,32.94968
229.7295,32.94968
229.89633333333333,32.94968
230.06316666666666,32.94968
230.23000000000002,32.94968
230.39683333333335,32.94968
230.56366666666668,32.94968
230.7305,32.94968
230.89733333333334,32.94968
231.06416666666667,32.94968
231.231,32.94968
231.39783333333332,32.94968
231.56466666666668,32.94968
231.7315,32.94968
231.89833333333334,32.94968
232.06516666666667,32.94968
232.232,32.94968
232.39883333333333,32.94968
232.56566666666666,32.94968
232.73250000000002,32.94968
232.89933333333335,32.94968
233.06616666666667,32.94968
233.233,32.94968
233.39983333333333,32.94968
233.56666666666666,32.94968
233.7335,32.94968
233.90033333333335,32.94968
234.06716666666668,32.94968
234.234,32.94968
234.40083333333334,32.94968
234.56766666666667,32.94968
234.7345,32.94968
234.90133333333333,32.94968
235.06816666666668,32.94968
235.235,32.94968
235.40183333333334,32.94968
235.56866666666667,32.94968
235.7355,32.94968
235.90233333333333,32.94968
236.06916666666666,32.94968
236.23600000000002,32.94968
236.40283333333335,32.94968
236.56966666666668,32.94968
236.7365,32.94968
236.90333333333334,32.94968
237.07016666666667,32.94968
237.237,32.94968
237.40383333333332,32.94968
237.57066666666668,32.94968
237.7375,32.94968
237.90433333333334,32.94968
238.07116666666667,32.94968
238.238,32.94968
238.40483333333333,32.94968
238.57166666666666,32.94968
238.73850000000002,32.94968
238.90533333333335,32.94968
239.07216666666667,32.94968
239.239,32.94968
239.40583333333333,32.94968
239.57266666666666,32.94968
239.7395,32.94968
239.90633333333335,32.94968
240.07316666666668,32.94968
240.24,32.94968
240.40683333333334,32.94968
240.57366666666667,32.94968
240.7405,32.94968
240.90733333333333,32.94968
241.07416666666668,32.94968
241.241,32.94968
241.40783333333334,32.94968
241.57466666666667,32.94968
241.7415,32.94968
241.90833333333333,32.94968
242.07516666666666,32.94968
242.242,32.94968
242.40883333333335,32.94968
242.57566666666668,32.94968
242.7425,32.94968
242.90933333333334,32.94968
243.07616666666667,32.94968
243.243,32.94968
243.40983333333332,32.94968
243.57666666666668,32.94968
243.7435,32.94968
243.91033333333334,32.94968
244.07716666666667,32.94968
244.244,32.94968
244.41083333333333,32.94968
244.57766666666666,32.94968
244.74450000000002,32.94968
244.91133333333335,32.94968
245.07816666666668,32.94968
245.245,32.94968
245.41183333333333,32.94968
245.57866666666666,32.94968
245.7455,32.94968
245.91233333333335,32.94968
246.07916666666668,32.94968
246.246,32.94968
246.41283333333334,32.94968
246.57966666666667,32.94968
246.7465,32.94968
246.91333333333333,32.94968
247.08016666666668,32.94968
247.247,32.94968
247.41383333333334,32.94968
247.58066666666667,32.94968
247.7475,32.94968
247.91433333333333,32.94968
248.08116666666666,32.94968
248.248,32.94968
248.41483333333335,32.94968
248.58166666666668,32.94968
248.7485,32.94968
248.91533333333334,32.94968
249.08216666666667,32.94968
249.249,32.94968
249.41583333333332,32.94968
249.58266666666668,32.94968
249.7495,32.94968
249.91633333333334,32.94968
250.08316666666667,32.94968
250.25,32.94968
250.41683333333333,32.94968
250.58366666666666,32.94968
250.75050000000002,32.94968
250.91733333333335,32.94968
251.08416666666668,32.94968
251.251,32.94968
251.41783333333333,32.94968
251.58466666666666,32.94968
251.7515,32.94968
251.91833333333335,32.94968
252.08516666666668,32.94968
252.252,32.94968
252.41883333333334,32.94968
252.58566666666667,32.94968
252.7525,32.94968
252.91933333333333,32.94968
253.08616666666668,32.94968
253.25300000000001,32.94968
253.41983333333334,32.94968
253.58666666666667,32.94968
253.7535,32.94968
253.92033333333333,32.94968
254.08716666666666,32.94968
254.254,32.94968
254.42083333333335,32.94968
254.58766666666668,32.94968
254.7545,32.94968
254.92133333333334,32.94968
255.08816666666667,32.94968
255.255,32.94968
255.42183333333332,32.94968
255.58866666666668,32.94968
255.7555,32.94968
255.92233333333334,32.94968
256.0891666666667,32.94968
256.25600000000003,32.94968
256.42283333333336,32.94968
256.5896666666667,32.94968
256.7565,32.94968
256.92333333333335,32.94968
257.0901666666667,32.94968
257.257,32.94968
257.42383333333333,32.94968
257.59066666666666,32.94968
257.7575,32.94968
257.9243333333333,32.94968
258.09116666666665,32.94968
258.258,32.94968
258.4248333333333,32.94968
258.5916666666667,32.95299
258.7585,32.95299
258.92533333333336,32.95299
259.0921666666667,32.95299
259.259,32.95299
259.42583333333334,32.95299
259.5926666666667,32.95299
259.7595,32.95299
259.92633333333333,32.95306
260.09316666666666,32.95306
260.26,32.95306
260.4268333333333,32.95306
260.59366666666665,32.95306
260.7605,32.95306
260.92733333333337,32.95314
261.0941666666667,32.95314
261.261,32.95314
261.42783333333335,32.95314
261.5946666666667,32.95322
261.7615,32.95322
261.92833333333334,32.95322
262.09516666666667,32.95322
262.262,32.95322
262.42883333333333,32.95322
262.59566666666666,32.95322
262.7625,32.95329
262.9293333333333,32.95329
263.09616666666665,32.95329
263.263,32.95329
263.42983333333336,32.95329
263.5966666666667,32.95329
263.7635,32.95329
263.93033333333335,32.95337
264.0971666666667,32.95337
264.264,32.95337
264.43083333333334,32.95337
264.59766666666667,32.95342
264.7645,32.95342
264.9313333333333,32.95342
265.09816666666666,32.95342
265.265,32.95342
265.4318333333333,32.95342
265.59866666666665,32.95345
265.76550000000003,32.95345
265.93233333333336,32.95345
266.0991666666667,32.95345
266.266,32.95345
266.43283333333335,32.95345
266.5996666666667,32.95352
266.7665,32.95352
266.93333333333334,32.95352
267.10016666666667,32.95352
267.267,32.95352
267.4338333333333,32.95352
267.60066666666665,32.95352
267.7675,32.95352
267.9343333333333,32.95355
268.1011666666667,32.95355
268.26800000000003,32.95355
268.43483333333336,32.95355
268.6016666666667,32.95363
268.7685,32.95363
268.93533333333335,32.95363
269.1021666666667,32.95363
269.269,32.95363
269.43583333333333,32.95363
269.60266666666666,32.95368
269.7695,32.95368
269.9363333333333,32.95368
270.10316666666665,32.95368
270.27,32.95368
270.4368333333333,32.95368
270.6036666666667,32.95373
270.7705,32.95373
270.93733333333336,32.95373
271.1041666666667,32.95373
271.271,32.95373
271.43783333333334,32.95373
271.6046666666667,32.95373
271.7715,32.95373
271.93833333333333,32.95375
272.10516666666666,32.95375
272.272,32.95375
272.4388333333333,32.95375
272.60566666666665,32.95375
272.7725,32.95380
272.93933333333337,32.95380
273.1061666666667,32.95380
273.273,32.95380
273.43983333333335,32.95380
273.6066666666667,32.95388
273.7735,32.95388
273.94033333333334,32.95388
274.10716666666667,32.95388
274.274,32.95388
274.44083333333333,32.95388
274.60766666666666,32.95393
274.7745,32.95393
274.9413333333333,32.95393
275.10816666666665,32.95393
275.275,32.95393
275.44183333333336,32.95393
275.6086666666667,32.95393
275.7755,32.95393
275.94233333333335,32.95398
276.1091666666667,32.95398
276.276,32.95398
276.44283333333334,32.95398
276.60966666666667,32.95398
276.7765,32.95398
276.9433333333333,32.95398
277.11016666666666,32.95398
277.277,32.95398
277.4438333333333,32.95398
277.61066666666665,32.95398
277.77750000000003,32.95398
277.94433333333336,32.95398
278.1111666666667,32.95398
278.278,32.95398
278.44483333333335,32.95398
278.6116666666667,32.95398
278.7785,32.95398
278.94533333333334,32.95398
279.11216666666667,32.95398
279.279,32.95398
279.4458333333333,32.95398
279.61266666666666,32.95398
279.7795,32.95411
279.9463333333333,32.95411
280.11316666666664,32.95411
280.28000000000003,32.95411
280.44683333333336,32.95411
280.6136666666667,32.95411
280.7805,32.95411
280.94733333333335,32.95411
281.1141666666667,32.95411
281.281,32.95411
281.44783333333334,32.95411
281.61466666666666,32.95414
281.7815,32.95414
281.9483333333333,32.95414
282.11516666666665,32.95414
282.282,32.95414
282.4488333333333,32.95414
282.6156666666667,32.95414
282.7825,32.95414
282.94933333333336,32.95414
283.1161666666667,32.95414
283.283,32.95414
283.44983333333334,32.95414
283.6166666666667,32.95414
283.7835,32.95414
283.95033333333333,32.95414
284.11716666666666,32.95414
284.284,32.95414
284.4508333333333,32.95414
284.61766666666665,32.95414
284.7845,32.95414
284.95133333333337,32.95414
285.1181666666667,32.95414
285.285,32.95414
285.45183333333335,32.95414
285.6186666666667,32.95414
285.7855,32.95414
285.95233333333334,32.95414
286.1191666666667,32.95414
286.286,32.95414
286.45283333333333,32.95414
286.61966666666666,32.95414
286.7865,32.95414
286.9533333333333,32.95414
287.12016666666665,32.95414
287.287,32.95414
287.45383333333336,32.95414
287.6206666666667,32.95414
287.7875,32.95414
287.95433333333335,32.95416
288.1211666666667,32.95416
288.288,32.95416
288.45483333333334,32.95416
288.62166666666667,32.95416
288.7885,32.95416
288.95533333333333,32.95419
289.12216666666666,32.95419
289.289,32.95419
289.4558333333333,32.95419
289.62266666666665,32.95424
289.78950000000003,32.95424
289.95633333333336,32.95424
290.1231666666667,32.95424
290.29,32.95424
290.45683333333335,32.95424
290.6236666666667,32.95429
290.7905,32.95429
290.95733333333334,32.95429
291.12416666666667,32.95429
291.291,32.95429
291.4578333333333,32.95429
291.62466666666666,32.95429
291.7915,32.95434
291.9583333333333,32.95434
292.12516666666664,32.95434
292.29200000000003,32.95434
292.45883333333336,32.95434
292.6256666666667,32.95434
292.7925,32.95439
292.95933333333335,32.95439
293.1261666666667,32.95439
293.293,32.95439
293.45983333333334,32.95439
293.62666666666667,32.95447
293.7935,32.95447
293.9603333333333,32.95447
294.12716666666665,32.95447
294.294,32.95447
294.4608333333333,32.95447
294.6276666666667,32.95452
294.7945,32.95452
294.96133333333336,32.95452
295.1281666666667,32.95452
295.295,32.95452
295.46183333333335,32.95452
295.6286666666667,32.95452
295.7955,32.95457
295.96233333333333,32.95457
296.12916666666666,32.95457
296.296,32.95457
296.4628333333333,32.95457
296.62966666666665,32.95457
296.7965,32.95465
296.96333333333337,32.95465
297.1301666666667,32.95465
297.297,32.95465
297.46383333333335,32.95465
297.6306666666667,32.95473
297.7975,32.95473
297.96433333333334,32.95473
298.1311666666667,32.95473
298.298,32.95473
298.46483333333333,32.95473
298.63166666666666,32.95478
298.7985,32.95478
298.9653333333333,32.95478
299.13216666666665,32.95478
299.299,32.95478
299.46583333333336,32.95478
299.6326666666667,32.95478
299.7995,32.95478
299.96633333333335,32.95480
300.1331666666667,32.95480
300.3,32.95480
300.46683333333334,32.95480
300.63366666666667,32.95480
300.8005,32.95485
300.96733333333333,32.95485
301.13416666666666,32.95485
301.301,32.95485
301.4678333333333,32.95485
301.63466666666665,32.95493
301.80150000000003,32.95493
301.96833333333336,32.95493
302.1351666666667,32.95493
302.302,32.95493
302.46883333333335,32.95493
302.6356666666667,32.95498
302.8025,32.95498
302.96933333333334,32.95498
303.13616666666667,32.95498
303.303,32.95498
303.4698333333333,32.95498
303.63666666666666,32.95498
303.8035,32.95498
303.9703333333333,32.95501
304.13716666666664,32.95501
304.30400000000003,32.95501
304.47083333333336,32.95501
304.6376666666667,32.95501
304.8045,32.95506
304.97133333333335,32.95506
305.1381666666667,32.95506
305.305,32.95506
305.47183333333334,32.95506
305.63866666666667,32.95511
305.8055,32.95511
305.9723333333333,32.95511
306.13916666666665,32.95511
306.306,32.95511
306.4728333333333,32.95511
306.6396666666667,32.95516
306.8065,32.95516
306.97333333333336,32.95516
307.1401666666667,32.95516
307.307,32.95516
307.47383333333335,32.95516
307.6406666666667,32.95521
307.8075,32.95521
307.97433333333333,32.95521
308.14116666666666,32.95521
308.308,32.95521
308.4748333333333,32.95521
308.64166666666665,32.95521
308.8085,32.95524
308.97533333333337,32.95524
309.1421666666667,32.95524
309.309,32.95524
309.47583333333336,32.95524
309.6426666666667,32.95529
309.8095,32.95529
309.97633333333334,32.95529
310.1431666666667,32.95529
310.31,32.95529
310.47683333333333,32.95529
310.64366666666666,32.95534
310.8105,32.95534
310.9773333333333,32.95534
311.14416666666665,32.95534
311.311,32.95534
311.47783333333336,32.95534
311.6446666666667,32.95534
311.8115,32.95542
311.97833333333335,32.95542
312.1451666666667,32.95542
312.312,32.95542
312.47883333333334,32.95542
312.64566666666667,32.95542
312.8125,32.95542
312.97933333333333,32.95542
313.14616666666666,32.95542
313.313,32.95542
313.4798333333333,32.95542
313.64666666666665,32.95557
313.81350000000003,32.95557
313.98033333333336,32.95557
314.1471666666667,32.95557
314.314,32.95557
314.48083333333335,32.95557
314.6476666666667,32.95565
314.8145,32.95565
314.98133333333334,32.95565
315.14816666666667,32.95565
315.315,32.95565
315.4818333333333,32.95565
315.64866666666666,32.95565
315.8155,32.95572
315.9823333333333,32.95572
316.14916666666664,32.95572
316.31600000000003,32.95572
316.48283333333336,32.95572
316.6496666666667,32.95572
316.8165,32.95583
316.98333333333335,32.95583
317.1501666666667,32.95583
317.317,32.95583
317.48383333333334,32.95583
317.65066666666667,32.95593
317.8175,32.95593
317.9843333333333,32.95593
318.15116666666665,32.95593
318.318,32.95593
318.4848333333333,32.95593
318.6516666666667,32.95603
318.81850000000003,32.95603
318.98533333333336,32.95603
319.1521666666667,32.95603
319.319,32.95603
319.48583333333335,32.95603
319.6526666666667,32.95603
319.8195,32.95611
319.98633333333333,32.95611
320.15316666666666,32.95611
320.32,32.95611
320.4868333333333,32.95611
320.65366666666665,32.95611
320.8205,32.95619
320.9873333333333,32.95619
321.1541666666667,32.95619
321.321,32.95619
321.48783333333336,32.95619
321.6546666666667,32.95619
321.8215,32.95619
321.98833333333334,32.95619
322.1551666666667,32.95619
322.322,32.95619
322.48883333333333,32.95619
322.65566666666666,32.95619
322.8225,32.95619
322.9893333333333,32.95619
323.15616666666665,32.95619
323.323,32.95619
323.48983333333337,32.95619
323.6566666666667,32.95619
323.8235,32.95619
323.99033333333335,32.95619
324.1571666666667,32.95619
324.324,32.95619
324.49083333333334,32.95619
324.65766666666667,32.95619
324.8245,32.95619
324.99133333333333,32.95619
325.15816666666666,32.95619
325.325,32.95619
325.4918333333333,32.95619
325.65866666666665,32.95619
325.82550000000003,32.95619
325.99233333333336,32.95619
326.1591666666667,32.95619
326.326,32.95619
326.49283333333335,32.95619
326.6596666666667,32.95660
326.8265,32.95660
326.99333333333334,32.95660
327.16016666666667,32.95660
327.327,32.95660
327.4938333333333,32.95660
327.66066666666666,32.95660
327.8275,32.95665
327.9943333333333,32.95665
328.16116666666665,32.95665
328.32800000000003,32.95665
328.49483333333336,32.95665
328.6616666666667,32.95665
328.8285,32.95665
328.99533333333335,32.95665
329.1621666666667,32.95665
329.329,32.95665
329.49583333333334,32.95665
329.66266666666667,32.95665
329.8295,32.95665
329.9963333333333,32.95665
330.16316666666665,32.95665
330.33,32.95665
330.4968333333333,32.95665
330.6636666666667,32.95665
330.83050000000003,32.95665
330.99733333333336,32.95665
331.1641666666667,32.95665
331.331,32.95665
331.49783333333335,32.95665
331.6646666666667,32.95665
331.8315,32.95665
331.99833333333333,32.95665
332.16516666666666,32.95665
332.332,32.95665
332.4988333333333,32.95665
332.66566666666665,32.95665
332.8325,32.95665
332.9993333333333,32.95665
333.1661666666667,32.95665
333.333,32.95665
333.49983333333336,32.95665
333.6666666666667,32.95665
333.8335,32.95665
334.00033333333334,32.95665
334.1671666666667,32.95665
334.334,32.95665
334.50083333333333,32.95665
334.66766666666666,32.95665
334.8345,32.95665
335.0013333333333,32.95665
335.16816666666665,32.95665
335.335,32.95665
335.50183333333337,32.95665
335.6686666666667,32.95665
335.8355,32.95665
336.00233333333335,32.95665
336.1691666666667,32.95665
336.336,32.95665
336.50283333333334,32.95665
336.66966666666667,32.95665
336.8365,32.95665
337.00333333333333,32.95665
337.17016666666666,32.95665
337.337,32.95665
337.5038333333333,32.95665
337.67066666666665,32.95665
337.83750000000003,32.95665
338.00433333333336,32.95665
338.1711666666667,32.95665
338.338,32.95665
338.50483333333335,32.95665
338.6716666666667,32.95665
338.8385,32.95665
339.00533333333334,32.95665
339.17216666666667,32.95665
339.339,32.95665
339.5058333333333,32.95665
339.67266666666666,32.95665
339.8395,32.95724
340.0063333333333,32.95724
340.17316666666665,32.95724
340.34000000000003,32.95724
340.50683333333336,32.95724
340.6736666666667,32.95724
340.8405,32.95729
341.00733333333335,32.95729
341.1741666666667,32.95729
341.341,32.95729
341.50783333333334,32.95729
341.67466666666667,32.95736
341.8415,32.95736
342.0083333333333,32.95736
342.17516666666666,32.95736
342.342,32.95736
342.5088333333333,32.95736
342.6756666666667,32.95741
342.84250000000003,32.95741
343.00933333333336,32.95741
343.1761666666667,32.95741
343.343,32.95741
343.50983333333335,32.95741
343.6766666666667,32.95741
343.8435,32.95749
344.01033333333334,32.95749
344.17716666666666,32.95749
344.344,32.95749
344.5108333333333,32.95749
344.67766666666665,32.95749
344.8445,32.95759
345.0113333333333,32.95759
345.1781666666667,32.95759
345.345,32.95759
345.51183333333336,32.95759
345.6786666666667,32.95767
345.8455,32.95767
346.01233333333334,32.95767
346.1791666666667,32.95767
346.346,32.95767
346.51283333333333,32.95767
346.67966666666666,32.95775
346.8465,32.95775
347.0133333333333,32.95775
347.18016666666665,32.95775
347.347,32.95775
347.51383333333337,32.95775
347.6806666666667,32.95775
347.8475,32.95785
348.01433333333335,32.95785
348.1811666666667,32.95785
348.348,32.95785
348.51483333333334,32.95785
348.6816666666667,32.95785
348.8485,32.95795
349.01533333333333,32.95795
349.18216666666666,32.95795
349.349,32.95795
349.5158333333333,32.95795
349.68266666666665,32.95805
349.84950000000003,32.95805
350.01633333333336,32.95805
350.1831666666667,32.95805
350.35,32.95805
350.51683333333335,32.95805
350.6836666666667,32.95816
350.8505,32.95816
351.01733333333334,32.95816
351.18416666666667,32.95816
351.351,32.95816
351.51783333333333,32.95816
351.68466666666666,32.95816
351.8515,32.95826
352.0183333333333,32.95826
352.18516666666665,32.95826
352.35200000000003,32.95826
352.51883333333336,32.95826
352.6856666666667,32.95826
352.8525,32.95834
353.01933333333335,32.95834
353.1861666666667,32.95834
353.353,32.95834
353.51983333333334,32.95834
353.68666666666667,32.95844
353.8535,32.95844
354.0203333333333,32.95844
354.18716666666666,32.95844
354.354,32.95844
354.5208333333333,32.95844
354.6876666666667,32.95857
354.85450000000003,32.95857
355.02133333333336,32.95857
355.1881666666667,32.95857
355.355,32.95857
355.52183333333335,32.95857
355.6886666666667,32.95857
355.8555,32.95867
356.02233333333334,32.95867
356.18916666666667,32.95867
356.356,32.95867
356.5228333333333,32.95867
356.68966666666665,32.95867
356.8565,32.95877
357.0233333333333,32.95877
357.1901666666667,32.95877
357.357,32.95877
357.52383333333336,32.95877
357.6906666666667,32.95887
357.8575,32.95887
358.02433333333335,32.95887
358.1911666666667,32.95887
358.358,32.95887
358.52483333333333,32.95887
358.69166666666666,32.95898
358.8585,32.95898
359.0253333333333,32.95898
359.19216666666665,32.95898
359.359,32.95898
359.52583333333337,32.95898
359.6926666666667,32.95898
359.8595,32.95910
360.02633333333335,32.95910
360.1931666666667,32.95910
360.36,32.95910
360.52683333333334,32.95910
360.6936666666667,32.95910
360.8605,32.959721
361.02733333333333,32.95921
361.19416666666666,32.95921
361.361,32.95921
361.5278333333333,32.95921
361.69466666666665,32.95933
361.8615,32.95933
362.02833333333336,32.95933
362.1951666666667,32.95933
362.362,32.95933
362.52883333333335,32.95933
362.6956666666667,32.95946
362.8625,32.95946
363.02933333333334,32.95946
363.19616666666667,32.95946
363.363,32.95946
363.52983333333333,32.95946
363.69666666666666,32.95946
363.8635,32.95956
364.0303333333333,32.95956
364.19716666666665,32.95956
364.36400000000003,32.95956
364.53083333333336,32.95956
364.6976666666667,32.95956
364.8645,32.95964
365.03133333333335,32.95964
365.1981666666667,32.95964
365.365,32.95964
365.53183333333334,32.95964
365.69866666666667,32.95972
365.8655,32.95972
366.0323333333333,32.95972
366.19916666666666,32.95972
366.366,32.95972
366.5328333333333,32.95972
366.6996666666667,32.95980
366.86650000000003,32.95980
367.03333333333336,32.95980
367.2001666666667,32.95980
367.367,32.95980
367.53383333333335,32.95980
367.7006666666667,32.95980
367.8675,32.95985
368.03433333333334,32.95985
368.20116666666667,32.95985
368.368,32.95985
368.5348333333333,32.95985
368.70166666666665,32.95985
368.8685,32.95990
369.0353333333333,32.95990
369.2021666666667,32.95990
369.369,32.95990
369.53583333333336,32.95990
369.7026666666667,32.95995
369.8695,32.95995
370.03633333333335,32.95995
370.2031666666667,32.95995
370.37,32.95995
370.53683333333333,32.95995
370.70366666666666,32.96000
370.8705,32.96000
371.0373333333333,32.96000
371.20416666666665,32.96000
371.371,32.96000
371.53783333333337,32.96000
371.7046666666667,32.96000
371.8715,32.96003
372.03833333333336,32.96003
372.2051666666667,32.96003
372.372,32.96003
372.53883333333334,32.96003
372.7056666666667,32.96003
372.8725,32.96003
373.03933333333333,32.96003
373.20616666666666,32.96003
373.373,32.96003
373.5398333333333,32.96003
373.70666666666665,32.96008
373.8735,32.96008
374.04033333333336,32.96008
374.2071666666667,32.96008
374.374,32.96008
374.54083333333335,32.96008
374.7076666666667,32.96010
374.8745,32.96010
375.04133333333334,32.96010
375.20816666666667,32.96010
375.375,32.96010
375.54183333333333,32.96010
375.70866666666666,32.96010
375.8755,32.96015
376.0423333333333,32.96015
376.20916666666665,32.96015
376.37600000000003,32.96015
376.54283333333336,32.96015
376.7096666666667,32.96015
376.8765,32.96018
377.04333333333335,32.96018
377.2101666666667,32.96018
377.377,32.96018
377.54383333333334,32.96018
377.71066666666667,32.96023
377.8775,32.96023
378.0443333333333,32.96023
378.21116666666666,32.96023
378.378,32.96023
378.5448333333333,32.96023
378.7116666666667,32.96026
378.87850000000003,32.96026
379.04533333333336,32.96026
379.2121666666667,32.96026
379.379,32.96026
379.54583333333335,32.96026
379.7126666666667,32.96026
379.8795,32.96028
380.04633333333334,32.96028
380.21316666666667,32.96028
380.38,32.96028
380.5468333333333,32.96028
380.71366666666665,32.96028
380.8805,32.96033
381.0473333333333,32.96033
381.2141666666667,32.96033
381.38100000000003,32.96033
381.54783333333336,32.96033
381.7146666666667,32.96038
381.8815,32.96038
382.04833333333335,32.96038
382.2151666666667,32.96038
382.382,32.96038
382.54883333333333,32.96038
382.71566666666666,32.96044
382.8825,32.96044
383.0493333333333,32.96044
383.21616666666665,32.96044
383.383,32.96044
383.54983333333337,32.96044
383.7166666666667,32.96044
383.8835,32.96051
384.05033333333336,32.96051
384.2171666666667,32.96051
384.384,32.96051
384.55083333333334,32.96051
384.7176666666667,32.96051
384.8845,32.96061
385.05133333333333,32.96061
385.21816666666666,32.96061
385.385,32.96061
385.5518333333333,32.96061
385.71866666666665,32.96069
385.8855,32.96069
386.05233333333337,32.96069
386.2191666666667,32.96069
386.386,32.96069
386.55283333333335,32.96069
386.7196666666667,32.96079
386.8865,32.96079
387.05333333333334,32.96079
387.22016666666667,32.96079
387.387,32.96079
387.55383333333333,32.96079
387.72066666666666,32.96079
387.8875,32.96090
388.0543333333333,32.96090
388.22116666666665,32.96090
388.38800000000003,32.96090
388.55483333333336,32.96090
388.7216666666667,32.96090
388.8885,32.96102
389.05533333333335,32.96102
389.2221666666667,32.96102
389.389,32.96102
389.55583333333334,32.96102
389.72266666666667,32.96115
389.8895,32.96115
390.0563333333333,32.96115
390.22316666666666,32.96115
390.39,32.96115
390.5568333333333,32.96115
390.7236666666667,32.96125
390.89050000000003,32.96125
391.05733333333336,32.96125
391.2241666666667,32.96125
391.391,32.96125
391.55783333333335,32.96125
391.7246666666667,32.96138
391.8915,32.96138
392.05833333333334,32.96138
392.22516666666667,32.96138
392.392,32.96138
392.5588333333333,32.96138
392.72566666666665,32.96138
392.8925,32.96151
393.0593333333333,32.96151
393.2261666666667,32.96151
393.39300000000003,32.96151
393.55983333333336,32.96151
393.7266666666667,32.96161
393.8935,32.96161
394.06033333333335,32.96161
394.2271666666667,32.96161
394.394,32.96161
394.56083333333333,32.96174
394.72766666666666,32.96174
394.8945,32.96174
395.0613333333333,32.96174
395.22816666666665,32.96174
395.395,32.96174
395.56183333333337,32.96174
395.7286666666667,32.96187
395.8955,32.96187
396.06233333333336,32.96187
396.2291666666667,32.96187
396.396,32.96187
396.56283333333334,32.96187
396.7296666666667,32.96187
396.8965,32.96197
397.06333333333333,32.96197
397.23016666666666,32.96197
397.397,32.96197
397.5638333333333,32.96207
397.73066666666665,32.96207
397.8975,32.96207
398.06433333333337,32.96207
398.2311666666667,32.96207
398.398,32.96207
398.56483333333335,32.96207
398.7316666666667,32.96212
398.8985,32.96212
399.06533333333334,32.96212
399.23216666666667,32.96212
399.399,32.96212
399.56583333333333,32.96212
399.73266666666666,32.96218
399.8995,32.96218
400.0663333333333,32.96218
400.23316666666665,32.96218
400.40000000000003,32.96218
400.56683333333336,32.96218
400.7336666666667,32.96218
400.9005,32.96218
401.06733333333335,32.96218
401.2341666666667,32.96218
401.401,32.96218
401.56783333333334,32.96218
401.73466666666667,32.96218
401.9015,32.96218
402.0683333333333,32.96218
402.23516666666666,32.96218
402.402,32.96218
402.5688333333333,32.96218
402.73566666666665,32.96218
402.90250000000003,32.96218
403.06933333333336,32.96218
403.2361666666667,32.96218
403.403,32.96218
403.56983333333335,32.96218
403.7366666666667,32.96218
403.9035,32.96218
404.07033333333334,32.96218
404.23716666666667,32.96218
404.404,32.96218
404.5708333333333,32.96218
404.73766666666666,32.96218
404.9045,32.96218
405.0713333333333,32.96218
