Timestamp,Altitude (ft)
0.0,4610
0.16683333333333333,4610
0.33366666666666667,4610
0.5005000000000001,4610
0.6673333333333333,4610
0.8341666666666667,4611
1.0010000000000001,4611
1.1678333333333333,4611
1.3346666666666667,4611
1.5015,4611
1.6683333333333334,4611
1.8351666666666666,4611
2.0020000000000002,4611
2.168833333333333,4611
2.3356666666666666,4611
2.5025,4611
2.6693333333333333,4611
2.8361666666666667,4611
3.003,4611
3.1698333333333335,4611
3.336666666666667,4611
3.5035000000000003,4611
3.6703333333333332,4611
3.8371666666666666,4611
4.0040000000000004,4611
4.170833333333333,4611
4.337666666666666,4611
4.5045,4611
4.671333333333333,4611
4.838166666666667,4612
5.005,4612
5.171833333333334,4612
5.338666666666667,4612
5.5055000000000005,4612
5.6723333333333334,4612
5.839166666666666,4612
6.006,4612
6.172833333333333,4612
6.339666666666667,4612
6.5065,4612
6.673333333333334,4612
6.840166666666667,4612
7.007000000000001,4612
7.1738333333333335,4612
7.3406666666666665,4612
7.5075,4612
7.674333333333333,4612
7.841166666666667,4636
8.008000000000001,4636
8.174833333333334,4636
8.341666666666667,4636
8.5085,4636
8.675333333333333,4636
8.842166666666667,4812
9.009,4812
9.175833333333333,4812
9.342666666666666,4812
9.509500000000001,4812
9.676333333333334,5175
9.843166666666667,5175
10.01,5175
10.176833333333333,5175
10.343666666666667,5175
10.5105,5175
10.677333333333333,5714
10.844166666666666,5714
11.011000000000001,5714
11.177833333333334,5714
11.344666666666667,5714
11.5115,5714
11.678333333333333,5714
11.845166666666668,6413
12.012,6413
12.178833333333333,6413
12.345666666666666,6413
12.512500000000001,6413
12.679333333333334,6413
12.846166666666667,7265
13.013,7265
13.179833333333333,7265
13.346666666666668,7265
13.5135,7265
13.680333333333333,8272
13.847166666666666,8272
14.014000000000001,8272
14.180833333333334,8272
14.347666666666667,8272
14.5145,8272
14.681333333333333,9374
14.848166666666668,9374
15.015,9374
15.181833333333334,9374
15.348666666666666,9374
15.5155,9374
15.682333333333334,10483
15.849166666666667,10483
16.016000000000002,10483
16.182833333333335,10483
16.349666666666668,10483
16.5165,10483
16.683333333333334,10483
16.850166666666667,11572
17.017,11572
17.183833333333332,11572
17.350666666666665,11572
17.517500000000002,11572
17.684333333333335,11572
17.851166666666668,11572
18.018,11572
18.184833333333334,11572
18.351666666666667,11572
18.5185,11572
18.685333333333332,13649
18.852166666666665,13649
19.019000000000002,13649
19.185833333333335,13649
19.352666666666668,13649
19.5195,13649
19.686333333333334,14629
19.853166666666667,14629
20.02,14629
20.186833333333333,14629
20.353666666666665,14629
20.520500000000002,14629
20.687333333333335,14629
20.854166666666668,15568
21.021,15568
21.187833333333334,15568
21.354666666666667,15568
21.5215,15568
21.688333333333333,16464
21.855166666666666,16464
22.022000000000002,16464
22.188833333333335,16464
22.355666666666668,16464
22.5225,16464
22.689333333333334,17316
22.856166666666667,17316
23.023,17316
23.189833333333333,17316
23.356666666666666,17316
23.523500000000002,17316
23.690333333333335,17316
23.857166666666668,18123
24.024,18123
24.190833333333334,18123
24.357666666666667,18123
24.5245,18123
24.691333333333333,18123
24.858166666666666,18123
25.025000000000002,18123
25.191833333333335,18123
25.358666666666668,18123
25.5255,18123
25.692333333333334,19610
25.859166666666667,19610
26.026,19610
26.192833333333333,19610
26.359666666666666,19610
26.526500000000002,19610
26.693333333333335,20290
26.860166666666668,20290
27.027,20290
27.193833333333334,20290
27.360666666666667,20290
27.5275,20290
27.694333333333333,20290
27.861166666666666,20930
28.028000000000002,20930
28.194833333333335,20930
28.361666666666668,20930
28.5285,20930
28.695333333333334,20930
28.862166666666667,20930
29.029,20930
29.195833333333333,20930
29.362666666666666,20930
29.529500000000002,20930
29.696333333333335,22091
29.863166666666668,22091
30.03,22091
30.196833333333334,22091
30.363666666666667,22091
30.5305,22091
30.697333333333333,22614
30.864166666666666,22614
31.031,22614
31.197833333333335,22614
31.36466666666667,22614
31.5315,22614
31.698333333333334,22614
31.865166666666667,22614
32.032000000000004,2309...
32.19883333333333,2309...
32.36566666666667,2309...
32.5325,2309...
32.699333333333335,2309...
32.866166666666665,23549
33.033,23549
33.19983333333333,23549
33.36666666666667,23549
33.533500000000004,23549
33.70033333333333,23549
33.86716666666667,23549
34.034,23549
34.200833333333335,23549
34.367666666666665,23549
34.5345,23549
34.70133333333333,24341
34.86816666666667,24341
35.035000000000004,24341
35.20183333333333,24341
35.36866666666667,24341
35.5355,24341
35.702333333333335,24685
35.869166666666665,24685
36.036,24685
36.20283333333333,24685
36.36966666666667,24685
36.536500000000004,24685
36.70333333333333,24685
36.87016666666667,24685
37.037,24685
37.203833333333336,24685
37.370666666666665,24685
37.5375,24685
37.70433333333333,25271
37.87116666666667,25271
38.038000000000004,25271
38.20483333333333,25271
38.37166666666667,25271
38.5385,25271
38.705333333333336,25513
38.872166666666665,25513
39.039,25513
39.20583333333333,25513
39.37266666666667,25513
39.539500000000004,25513
39.70633333333333,25513
39.87316666666667,25723
40.04,25723
40.206833333333336,25723
40.373666666666665,25723
40.5405,25723
40.70733333333333,25899
40.87416666666667,25899
41.041000000000004,25899
41.20783333333333,25899
41.37466666666667,25899
41.5415,25899
41.708333333333336,26043
41.875166666666665,26043
42.042,26043
42.20883333333333,26043
42.37566666666667,26043
42.542500000000004,26043
42.70933333333333,26155
42.87616666666667,26155
43.043,26155
43.209833333333336,26155
43.376666666666665,26155
43.5435,26155
43.71033333333333,26155
43.87716666666667,26233
44.044000000000004,26233
44.21083333333333,26233
44.37766666666667,26233
44.5445,26233
44.711333333333336,26233
44.878166666666665,26279
45.045,26279
45.21183333333333,26279
45.37866666666667,26279
45.545500000000004,26279
45.71233333333333,26279
45.87916666666667,26279
46.046,26279
46.212833333333336,26279
46.379666666666665,26279
46.5465,26279
46.71333333333333,26280
46.88016666666667,26280
47.047000000000004,26280
47.21383333333333,26280
47.38066666666667,26280
47.5475,26280
47.714333333333336,26280
47.881166666666665,26234
48.048,26234
48.21483333333333,26234
48.38166666666667,26234
48.548500000000004,26234
48.715333333333334,26234
48.88216666666667,26173
49.049,26173
49.215833333333336,26173
49.382666666666665,26173
49.5495,26173
49.71633333333333,26100
49.88316666666667,26100
50.050000000000004,26100
50.216833333333334,26100
50.38366666666667,26100
50.5505,26100
50.717333333333336,26020
50.884166666666665,26020
51.051,26020
51.21783333333333,26020
51.38466666666667,26020
51.551500000000004,26020
51.718333333333334,26020
51.88516666666667,25927
52.052,25927
52.218833333333336,25927
52.385666666666665,25927
52.5525,25927
52.71933333333333,25927
52.88616666666667,25927
53.053000000000004,25927
53.219833333333334,25927
53.38666666666667,25927
53.5535,25927
53.720333333333336,25683
53.887166666666666,25683
54.054,25683
54.22083333333333,25683
54.38766666666667,25683
54.554500000000004,25683
54.721333333333334,25552
54.88816666666667,25552
55.055,25552
55.221833333333336,25552
55.388666666666666,25552
55.5555,25552
55.72233333333333,25552
55.88916666666667,25552
56.056000000000004,25552
56.222833333333334,25552
56.38966666666667,25552
56.5565,25552
56.723333333333336,25552
56.890166666666666,25281
57.057,25281
57.22383333333333,25281
57.39066666666667,25281
57.557500000000005,25281
57.724333333333334,25150
57.89116666666667,25150
58.058,25150
58.224833333333336,25150
58.391666666666666,25150
58.5585,25150
58.72533333333333,25024
58.89216666666667,25024
59.059000000000005,25024
59.225833333333334,25024
59.39266666666667,25024
59.5595,25024
59.726333333333336,25024
59.893166666666666,24888
60.06,24888
60.22683333333333,24888
60.39366666666667,24888
60.5605,24888
60.727333333333334,24752
60.89416666666667,24752
61.061,24752
61.227833333333336,24752
61.394666666666666,24752
61.5615,24752
61.72833333333333,24752
61.89516666666667,24752
62.062,24752
62.228833333333334,24752
62.39566666666667,24752
62.5625,24752
62.72933333333334,24462
62.896166666666666,24462
63.063,24462
63.22983333333333,24462
63.39666666666667,24462
63.5635,24462
63.730333333333334,24462
63.89716666666667,24326
64.06400000000001,24326
64.23083333333334,24326
64.39766666666667,24326
64.5645,24326
64.73133333333334,24326
64.89816666666667,24196
65.065,24196
65.23183333333334,24196
65.39866666666667,24196
65.5655,24196
65.73233333333333,24050
65.89916666666667,24050
66.066,24050
66.23283333333333,24050
66.39966666666666,24050
66.5665,24050
66.73333333333333,24050
66.90016666666666,24050
67.06700000000001,24050
67.23383333333334,24050
67.40066666666667,24050
67.5675,24050
67.73433333333334,24050
67.90116666666667,23807
68.068,23807
68.23483333333334,23807
68.40166666666667,23807
68.5685,23807
68.73533333333333,23807
68.90216666666667,23683
69.069,23683
69.23583333333333,23683
69.40266666666666,23683
69.5695,23683
69.73633333333333,23562
69.90316666666666,23562
70.07000000000001,23562
70.23683333333334,23562
70.40366666666667,23562
70.5705,23440
70.73733333333334,23440
70.90416666666667,23440
71.071,23440
71.23783333333334,23440
71.40466666666667,23440
71.5715,23440
71.73833333333333,23440
71.90516666666667,23323
72.072,23323
72.23883333333333,23323
72.40566666666666,23323
72.5725,23323
72.73933333333333,23323
72.90616666666666,23218
73.07300000000001,23218
73.23983333333334,232718
73.40666666666667,232718
73.5735,23103
73.74033333333334,23103
73.90716666666667,23103
74.074,23103
74.24083333333334,23103
74.40766666666667,23103
74.5745,22988
74.74133333333333,22988
74.90816666666667,22988
75.075,22988
75.24183333333333,22988
75.40866666666666,22988
75.5755,22988
75.74233333333333,22988
75.90916666666666,22877
76.07600000000001,22877
76.24283333333334,22877
76.40966666666667,22877
76.5765,22877
76.74333333333334,22877
76.91016666666667,22/67
77.077,22/67
77.24383333333334,22/67
77.41066666666667,22/67
77.5775,22664
77.74433333333333,22664
77.91116666666667,22664
78.078,22664
78.24483333333333,22664
78.41166666666666,22664
78.5785,22664
78.74533333333333,22568
78.91216666666666,22568
79.07900000000001,22568
79.24583333333334,22568
79.41266666666667,22568
79.5795,22568
79.74633333333334,22568
79.91316666666667,22483
80.08,22483
80.24683333333333,22483
80.41366666666667,22483
80.5805,22483
80.74733333333333,22483
80.91416666666667,22398
81.081,22398
81.24783333333333,22398
81.41466666666666,22398
81.5815,22325
81.74833333333333,22325
81.91516666666666,22325
82.08200000000001,22325
82.24883333333334,22325
82.41566666666667,22325
82.5825,22259
82.74933333333334,22259
82.91616666666667,22259
83.083,22259
83.24983333333333,22259
83.41666666666667,22259
83.5835,22259
83.75033333333333,22259
83.91716666666667,22195
84.084,22195
84.25083333333333,22195
84.41766666666666,22195
84.5845,22195
84.75133333333333,22195
84.91816666666666,22126
85.08500000000001,22126
85.25183333333334,22126
85.41866666666667,22126
85.5855,22057
85.75233333333334,22057
85.91916666666667,22057
86.086,22057
86.25283333333333,22057
86.41966666666667,22057
86.5865,21994
86.75333333333333,21994
86.92016666666667,21994
87.087,21994
87.25383333333333,21994
87.42066666666666,21994
87.5875,21994
87.75433333333334,21994
87.92116666666666,21928
88.08800000000001,21928
88.25483333333334,21928
88.42166666666667,21928
88.5885,21928
88.75533333333334,21928
88.92216666666667,21860
89.089,21860
89.25583333333333,21860
89.42266666666667,21860
89.5895,21794
89.75633333333333,21794
89.92316666666667,21794
90.09,21794
90.25683333333333,21794
90.42366666666666,21794
90.5905,21730
90.75733333333334,21730
90.92416666666666,21730
91.09100000000001,21730
91.25783333333334,21730
91.42466666666667,21730
91.5915,21730
91.75833333333334,21730
91.92516666666667,21664
92.092,21664
92.25883333333333,21664
92.42566666666667,21664
92.5925,21664
92.75933333333333,21664
92.92616666666667,21597
93.093,21597
93.25983333333333,21597
93.42666666666666,21597
93.5935,21533
93.76033333333334,21533
93.92716666666666,21533
94.09400000000001,21533
94.26083333333334,21533
94.42766666666667,21533
94.5945,21469
94.76133333333334,21469
94.92816666666667,21469
95.095,21469
95.26183333333333,21469
95.42866666666667,21469
95.5955,21469
95.76233333333333,21469
95.92916666666667,21405
96.096,21405
96.26283333333333,21405
96.42966666666666,21405
96.5965,21405
96.76333333333334,21405
96.93016666666666,21340
97.09700000000001,21340
97.26383333333334,21340
97.43066666666667,21340
97.5975,21277
97.76433333333334,21277
97.93116666666667,21277
98.098,21277
98.26483333333333,21277
98.43166666666667,21277
98.5985,21214
98.76533333333333,21214
98.93216666666667,21214
99.099,21214
99.26583333333333,21214
99.43266666666666,21214
99.5995,21214
99.76633333333334,21214
99.93316666666666,21151
100.10000000000001,21151
100.26683333333334,21151
100.43366666666667,21151
100.6005,21151
100.76733333333334,21151
100.93416666666667,21087
101.101,21087
101.26783333333333,21087
101.43466666666667,21087
101.6015,21025
101.76833333333333,21025
101.93516666666667,21025
102.102,21025
102.26883333333333,21025
102.43566666666666,21025
102.6025,20959
102.76933333333334,20959
102.93616666666667,20959
103.10300000000001,20959
103.26983333333334,20959
103.43666666666667,20959
103.6035,20959
103.77033333333334,20959
103.93716666666667,20895
104.104,20895
104.27083333333333,20895
104.43766666666667,20895
104.6045,20895
104.77133333333333,20895
104.93816666666667,20835
105.105,20835
105.27183333333333,20835
105.43866666666666,20835
105.6055,20770
105.77233333333334,20770
105.93916666666667,20770
106.10600000000001,20770
106.27283333333334,20770
106.43966666666667,20770
106.6065,20708
106.77333333333334,20708
106.94016666666667,20708
107.107,20708
107.27383333333333,20708
107.44066666666667,20708
107.6075,20708
107.77433333333333,20708
107.94116666666667,2064...
108.108,2064...
108.27483333333333,2064...
108.44166666666666,2064...
108.6085,20577
108.77533333333334,20577
108.94216666666667,20577
109.10900000000001,20577
109.27583333333334,20577
109.44266666666667,20577
109.6095,20514
109.77633333333334,20514
109.94316666666667,20514
110.11,20514
110.27683333333333,20514
110.44366666666667,20514
110.6105,20448
110.77733333333333,20448
110.94416666666667,20448
111.111,20448
111.27783333333333,20448
111.44466666666666,20448
111.6115,20448
111.77833333333334,20448
111.94516666666667,20388
112.11200000000001,20388
112.27883333333334,20388
112.44566666666667,20388
112.6125,20388
112.77933333333334,20388
112.94616666666667,20325
113.113,20325
113.27983333333333,20325
113.44666666666667,20325
113.6135,20262
113.78033333333333,20262
113.94716666666667,20262
114.114,20262
114.28083333333333,20262
114.44766666666666,20262
114.6145,20200
114.78133333333334,20200
114.94816666666667,20200
115.11500000000001,20200
115.28183333333334,20200
115.44866666666667,20200
115.6155,20200
115.78233333333334,20200
115.94916666666667,20136
116.116,20136
116.28283333333333,20136
116.44966666666667,20136
116.6165,20136
116.78333333333333,20075
116.95016666666668,20075
117.117,20075
117.28383333333333,20075
117.45066666666666,20075
117.6175,20012
117.78433333333334,20012
117.95116666666667,20012
118.11800000000001,20012
118.28483333333334,20012
118.45166666666667,20012
118.6185,19952
118.78533333333334,19952
118.95216666666667,19952
119.119,19952
119.28583333333333,19952
119.45266666666667,19952
119.6195,19889
119.78633333333333,19889
119.95316666666668,19889
120.12,19889
120.28683333333333,19889
120.45366666666666,19889
120.6205,19889
120.78733333333334,19889
120.95416666666667,19827
121.121,19827
121.28783333333334,19827
121.45466666666667,19827
121.6215,19767
121.78833333333334,19767
121.95516666666667,19767
122.122,19767
122.28883333333333,19767
122.45566666666667,19767
122.6225,19706
122.78933333333333,19706
122.95616666666668,19706
123.123,19706
123.28983333333333,19706
123.45666666666666,19706
123.6235,19706
123.79033333333334,19706
123.95716666666667,19642
124.124,19642
124.29083333333334,19642
124.45766666666667,19642
124.6245,19642
124.79133333333334,19580
124.95816666666667,19580
125.125,19580
125.29183333333333,19580
125.45866666666667,19580
125.6255,19517
125.79233333333333,19517
125.95916666666668,19517
126.126,19517
126.29283333333333,19517
126.45966666666666,19517
126.62650000000001,19455
126.79333333333334,19455
126.96016666666667,19455
127.127,19455
127.29383333333334,19455
127.46066666666667,19455
127.6275,19455
127.79433333333334,19393
127.96116666666667,19393
128.12800000000001,19393
128.29483333333334,19393
128.46166666666667,19393
128.6285,19393
128.79533333333333,19393
128.96216666666666,19393
129.129,19393
129.29583333333335,19393
129.46266666666668,19393
129.6295,19272
129.79633333333334,19272
129.96316666666667,19272
130.13,19272
130.29683333333332,19272
130.46366666666668,19272
130.6305,19212
130.79733333333334,19212
130.96416666666667,19212
131.131,19212
131.29783333333333,19212
131.46466666666666,19212
131.6315,19212
131.79833333333335,19152
131.96516666666668,19152
132.132,19152
132.29883333333333,19152
132.46566666666666,19152
132.6325,19152
132.79933333333332,19090
132.96616666666668,19090
133.133,19090
133.29983333333334,19090
133.46666666666667,19090
133.6335,19029
133.80033333333333,19029
133.96716666666666,19029
134.13400000000001,19029
134.30083333333334,19029
134.46766666666667,19029
134.6345,18972
134.80133333333333,18972
134.96816666666666,18972
135.135,18972
135.30183333333335,18972
135.46866666666668,18972
135.6355,18911
135.80233333333334,18911
135.96916666666667,18911
136.136,18911
136.30283333333333,18911
136.46966666666668,18911
136.6365,18911
136.80333333333334,18853
136.97016666666667,18853
137.137,18853
137.30383333333333,18853
137.47066666666666,18853
137.6375,18792
137.80433333333335,18792
137.97116666666668,18792
138.138,18792
138.30483333333333,18792
138.47166666666666,18792
138.6385,18732
138.80533333333332,18732
138.97216666666668,18732
139.139,18732
139.30583333333334,18732
139.47266666666667,18732
139.6395,18671
139.80633333333333,18671
139.97316666666666,18671
140.14000000000001,18671
140.30683333333334,18671
140.47366666666667,18671
140.6405,18611
140.80733333333333,18611
140.97416666666666,18611
141.141,18611
141.30783333333335,18611
141.47466666666668,18611
141.6415,18548
141.80833333333334,18548
141.97516666666667,18548
142.142,18548
142.30883333333333,18548
142.47566666666668,18548
142.6425,18489
142.80933333333334,18489
142.97616666666667,18489
143.143,18489
143.30983333333333,18489
143.47666666666666,18489
143.6435,18430
143.81033333333335,18430
143.97716666666668,18430
144.144,18430
144.31083333333333,18430
144.47766666666666,18430
144.6445,18371
144.81133333333332,18371
144.97816666666668,18371
145.145,18371
145.31183333333334,18371
145.47866666666667,18371
145.6455,18310
145.81233333333333,18310
145.97916666666666,18310
146.14600000000002,18310
146.31283333333334,18310
146.47966666666667,18310
146.6465,18248
146.81333333333333,18248
146.98016666666666,18248
147.147,18248
147.31383333333335,18248
147.48066666666668,18248
147.6475,18248
147.81433333333334,18248
147.98116666666667,18185
148.148,18185
148.31483333333333,18185
148.48166666666668,18185
148.6485,18185
148.81533333333334,18124
148.98216666666667,18124
149.149,18124
149.31583333333333,18124
149.48266666666666,18124
149.6495,18061
149.81633333333335,18061
149.98316666666668,18061
150.15,18061
150.31683333333334,18061
150.48366666666666,18061
150.6505,17998
150.81733333333332,17998
150.98416666666668,17998
151.151,17998
151.31783333333334,17998
151.48466666666667,17998
151.6515,17998
151.81833333333333,17998
151.98516666666666,17945
152.15200000000002,17945
152.31883333333334,17945
152.48566666666667,17945
152.6525,17945
152.81933333333333,17877
152.98616666666666,17877
153.153,17877
153.31983333333335,17877
153.48666666666668,17877
153.6535,17817
153.82033333333334,17817
153.98716666666667,17817
154.154,17817
154.32083333333333,17817
154.48766666666668,17817
154.6545,17/754
154.82133333333334,17/754
154.98816666666667,17/754
155.155,17/754
155.32183333333333,17/754
155.48866666666666,17/754
155.6555,17/54
155.82233333333335,17692
155.98916666666668,17692
156.156,17692
156.32283333333334,17692
156.48966666666666,17692
156.6565,17692
156.82333333333332,17632
156.99016666666668,17632
157.157,17632
157.32383333333334,17632
157.49066666666667,17632
157.6575,17570
157.82433333333333,17570
157.99116666666666,17570
158.15800000000002,17570
158.32483333333334,17570
158.49166666666667,17570
158.6585,17509
158.82533333333333,17509
158.99216666666666,17509
159.159,17509
159.32583333333335,17509
159.49266666666668,17509
159.6595,17509
159.82633333333334,17448
159.99316666666667,17448
160.16,17448
160.32683333333333,17448
160.49366666666666,17448
160.6605,17448
160.82733333333334,17387
160.99416666666667,17387
161.161,17387
161.32783333333333,17387
161.49466666666666,17387
161.6615,17327
161.82833333333335,17327
161.99516666666668,17327
162.162,17327
162.32883333333334,17327
162.49566666666666,17327
162.6625,17266
162.82933333333332,17266
162.99616666666668,17266
163.163,17266
163.32983333333334,17266
163.49666666666667,17266
163.6635,17266
163.83033333333333,17205
163.99716666666666,17205
164.16400000000002,17205
164.33083333333335,17205
164.49766666666667,17205
164.6645,1/144
164.83133333333333,1/144
164.99816666666666,1/144
165.165,1/144
165.33183333333335,1/144
165.49866666666668,1/144
165.6655,17085
165.83233333333334,17085
165.99916666666667,17085
166.166,17085
166.33283333333333,17085
166.49966666666666,17085
166.6665,17025
166.83333333333334,17025
167.00016666666667,17025
167.167,17025
167.33383333333333,17025
167.50066666666666,17025
167.6675,17025
167.83433333333335,16966
168.00116666666668,16966
168.168,16966
168.33483333333334,16966
168.50166666666667,16966
168.6685,16966
168.83533333333332,16905
169.00216666666668,16905
169.169,16905
169.33583333333334,16905
169.50266666666667,16905
169.6695,16844
169.83633333333333,16844
170.00316666666666,16844
170.17000000000002,16844
170.33683333333335,16844
170.50366666666667,16844
170.6705,16783
170.83733333333333,16783
171.00416666666666,16783
171.171,16783
171.33783333333335,16783
171.50466666666668,16783
171.6715,16783
171.83833333333334,16723
172.00516666666667,16723
172.172,16723
172.33883333333333,16723
172.50566666666666,16723
172.6725,16723
172.83933333333334,16661
173.00616666666667,16661
173.173,16661
173.33983333333333,16661
173.50666666666666,16661
173.6735,16603
173.84033333333335,16603
174.00716666666668,16603
174.174,16603
174.34083333333334,16603
174.50766666666667,16603
174.6745,16603
174.84133333333332,16603
175.00816666666668,16603
175.175,16603
175.34183333333334,16603
175.50866666666667,16603
175.6755,16603
175.84233333333333,16487
176.00916666666666,16487
176.17600000000002,16487
176.34283333333335,16487
176.50966666666667,16487
176.6765,16487
176.84333333333333,16426
177.01016666666666,16426
177.177,16426
177.34383333333335,16426
177.51066666666668,16426
177.6775,16369
177.84433333333334,16369
178.01116666666667,16369
178.178,16369
178.34483333333333,16369
178.51166666666666,16369
178.6785,16309
178.84533333333334,16309
179.01216666666667,16309
179.179,16309
179.34583333333333,16309
179.51266666666666,16309
179.6795,16309
179.84633333333335,16250
180.01316666666668,16250
180.18,16250
180.34683333333334,16250
180.51366666666667,16250
180.6805,16192
180.84733333333332,16192
181.01416666666668,16192
181.181,16192
181.34783333333334,16192
181.51466666666667,16192
181.6815,16133
181.84833333333333,16133
182.01516666666666,16133
182.18200000000002,16133
182.34883333333335,16133
182.51566666666668,16133
182.6825,16073
182.84933333333333,16073
183.01616666666666,16073
183.183,16073
183.34983333333335,16073
183.51666666666668,16073
183.6835,16073
183.85033333333334,16073
184.01716666666667,16073
184.184,16073
184.35083333333333,16073
184.51766666666666,16073
184.6845,16073
184.85133333333334,15955
185.01816666666667,15955
185.185,15955
185.35183333333333,15955
185.51866666666666,15955
185.6855,15894
185.85233333333335,15894
186.01916666666668,15894
186.186,15894
186.35283333333334,15894
186.51966666666667,15894
186.6865,15834
186.85333333333332,15834
187.02016666666668,15834
187.187,15834
187.35383333333334,15834
187.52066666666667,15834
187.6875,15834
187.85433333333333,15778
188.02116666666666,15778
188.18800000000002,15778
188.35483333333335,15778
188.52166666666668,15778
188.6885,1571/7
188.85533333333333,1571/7
189.02216666666666,1571/7
189.189,1571/7
189.35583333333335,1571/7
189.52266666666668,1571/7
189.6895,15658
189.85633333333334,15658
190.02316666666667,15658
190.19,15658
190.35683333333333,15658
190.52366666666666,15658
190.69050000000001,15599
190.85733333333334,15599
191.02416666666667,15599
191.191,15599
191.35783333333333,15599
191.52466666666666,15599
191.6915,15599
191.85833333333335,15540
192.02516666666668,15540
192.192,15540
192.35883333333334,15540
192.52566666666667,15540
192.6925,15540
192.85933333333332,15485
193.02616666666668,15485
193.193,15485
193.35983333333334,15485
193.52666666666667,15485
193.6935,15426
193.86033333333333,15426
194.02716666666666,15426
194.19400000000002,15426
194.36083333333335,15426
194.52766666666668,15426
194.6945,15368
194.86133333333333,15368
195.02816666666666,15368
195.195,15368
195.36183333333335,15368
195.52866666666668,15368
195.6955,15368
195.86233333333334,15309
196.02916666666667,15309
196.196,15309
196.36283333333333,15309
196.52966666666666,15309
196.69650000000001,15309
196.86333333333334,15250
197.03016666666667,15250
197.197,15250
197.36383333333333,15250
197.53066666666666,15250
197.6975,15191
197.86433333333335,15191
198.03116666666668,15191
198.198,15191
198.36483333333334,15191
198.53166666666667,15191
198.6985,15131
198.86533333333333,15131
199.03216666666668,15131
199.199,15131
199.36583333333334,15131
199.53266666666667,15131
199.6995,15131
199.86633333333333,15072
200.03316666666666,15072
200.20000000000002,15072
200.36683333333335,15072
200.53366666666668,15072
200.7005,15072
200.86733333333333,15014
201.03416666666666,15014
201.201,15014
201.36783333333332,15014
201.53466666666668,15014
201.7015,14954
201.86833333333334,14954
202.03516666666667,14954
202.202,14954
202.36883333333333,14954
202.53566666666666,14954
202.70250000000001,14896
202.86933333333334,14896
203.03616666666667,14896
203.203,14896
203.36983333333333,14896
203.53666666666666,14896
203.7035,14896
203.87033333333335,14836
204.03716666666668,14836
204.204,14836
204.37083333333334,14836
204.53766666666667,14836
204.7045,14836
204.87133333333333,14780
205.03816666666668,14780
205.205,14780
205.37183333333334,14780
205.53866666666667,14780
205.7055,14780
205.87233333333333,14780
206.03916666666666,14780
206.20600000000002,14780
206.37283333333335,14780
206.53966666666668,14780
206.7065,14780
206.87333333333333,14780
207.04016666666666,14780
207.207,14780
207.37383333333332,14780
207.54066666666668,14780
207.7075,14780
207.87433333333334,14780
208.04116666666667,14780
208.208,14780
208.37483333333333,14780
208.54166666666666,14780
208.70850000000002,14780
208.87533333333334,14780
209.04216666666667,14780
209.209,14780
209.37583333333333,14780
209.54266666666666,14780
209.7095,14780
209.87633333333335,14780
210.04316666666668,14780
210.21,14780
210.37683333333334,14780
210.54366666666667,14780
210.7105,14780
210.87733333333333,14780
211.04416666666668,14780
211.211,14780
211.37783333333334,14780
211.54466666666667,14780
211.7115,14780
211.87833333333333,14780
212.04516666666666,14780
212.21200000000002,14780
212.37883333333335,14780
212.54566666666668,14780
212.7125,14780
212.87933333333334,14780
213.04616666666666,14780
213.213,14780
213.37983333333332,14780
213.54666666666668,14780
213.7135,14780
213.88033333333334,14780
214.04716666666667,14780
214.214,14780
214.38083333333333,14780
214.54766666666666,14780
214.71450000000002,14780
214.88133333333334,14780
215.04816666666667,14780
215.215,14780
215.38183333333333,14780
215.54866666666666,14780
215.7155,14780
215.88233333333335,14780
216.04916666666668,14780
216.216,14780
216.38283333333334,14780
216.54966666666667,14780
216.7165,14780
216.88333333333333,14780
217.05016666666668,14780
217.217,14780
217.38383333333334,14780
217.55066666666667,14780
217.7175,14780
217.88433333333333,14780
218.05116666666666,14780
218.21800000000002,14780
218.38483333333335,14780
218.55166666666668,14780
218.7185,14780
218.88533333333334,14780
219.05216666666666,14780
219.219,14780
219.38583333333332,14780
219.55266666666668,14780
219.7195,14780
219.88633333333334,14780
220.05316666666667,14780
220.22,14780
220.38683333333333,14780
220.55366666666666,14780
220.72050000000002,14780
220.88733333333334,14780
221.05416666666667,14780
221.221,14780
221.38783333333333,14780
221.55466666666666,14780
221.7215,14780
221.88833333333335,14780
222.05516666666668,14780
222.222,14780
222.38883333333334,14780
222.55566666666667,14780
222.7225,14780
222.88933333333333,14780
223.05616666666668,14780
223.223,14780
223.38983333333334,14780
223.55666666666667,14780
223.7235,14780
223.89033333333333,14780
224.05716666666666,14780
224.22400000000002,14780
224.39083333333335,14780
224.55766666666668,14780
224.7245,14780
224.89133333333334,14780
225.05816666666666,14780
225.225,14780
225.39183333333332,14780
225.55866666666668,14780
225.7255,14780
225.89233333333334,14780
226.05916666666667,14780
226.226,14780
226.39283333333333,14780
226.55966666666666,14780
226.72650000000002,14780
226.89333333333335,14780
227.06016666666667,14780
227.227,14780
227.39383333333333,14780
227.56066666666666,14780
227.7275,14780
227.89433333333335,14780
228.06116666666668,14780
228.228,14780
228.39483333333334,14780
228.56166666666667,14780
228.7285,14780
228.89533333333333,14780
229.06216666666668,14780
229.229,14780
229.39583333333334,14780
229.56266666666667,14780
229.7295,14780
229.89633333333333,14780
230.06316666666666,14780
230.23000000000002,14780
230.39683333333335,14780
230.56366666666668,14780
230.7305,14780
230.89733333333334,14780
231.06416666666667,14780
231.231,14780
231.39783333333332,14780
231.56466666666668,14780
231.7315,14780
231.89833333333334,14780
232.06516666666667,14780
232.232,14780
232.39883333333333,14780
232.56566666666666,14780
232.73250000000002,14780
232.89933333333335,14780
233.06616666666667,14780
233.233,14780
233.39983333333333,14780
233.56666666666666,14780
233.7335,14780
233.90033333333335,14780
234.06716666666668,14780
234.234,14780
234.40083333333334,14780
234.56766666666667,14780
234.7345,14780
234.90133333333333,14780
235.06816666666668,14780
235.235,14780
235.40183333333334,14780
235.56866666666667,14780
235.7355,14780
235.90233333333333,14780
236.06916666666666,14780
236.23600000000002,14780
236.40283333333335,14780
236.56966666666668,14780
236.7365,14780
236.90333333333334,14780
237.07016666666667,14780
237.237,14780
237.40383333333332,14780
237.57066666666668,14780
237.7375,14780
237.90433333333334,14780
238.07116666666667,14780
238.238,14780
238.40483333333333,14780
238.57166666666666,14780
238.73850000000002,14780
238.90533333333335,14780
239.07216666666667,14780
239.239,14780
239.40583333333333,14780
239.57266666666666,14780
239.7395,14780
239.90633333333335,14780
240.07316666666668,14780
240.24,14780
240.40683333333334,14780
240.57366666666667,14780
240.7405,14780
240.90733333333333,14780
241.07416666666668,14780
241.241,14780
241.40783333333334,14780
241.57466666666667,14780
241.7415,14780
241.90833333333333,14780
242.07516666666666,14780
242.242,14780
242.40883333333335,14780
242.57566666666668,14780
242.7425,14780
242.90933333333334,14780
243.07616666666667,14780
243.243,14780
243.40983333333332,14780
243.57666666666668,14780
243.7435,14780
243.91033333333334,14780
244.07716666666667,14780
244.244,14780
244.41083333333333,14780
244.57766666666666,14780
244.74450000000002,14780
244.91133333333335,14780
245.07816666666668,14780
245.245,14780
245.41183333333333,14780
245.57866666666666,14780
245.7455,14780
245.91233333333335,14780
246.07916666666668,14780
246.246,14780
246.41283333333334,14780
246.57966666666667,14780
246.7465,14780
246.91333333333333,14780
247.08016666666668,14780
247.247,14780
247.41383333333334,14780
247.58066666666667,14780
247.7475,14780
247.91433333333333,14780
248.08116666666666,14780
248.248,14780
248.41483333333335,14780
248.58166666666668,14780
248.7485,14780
248.91533333333334,14780
249.08216666666667,14780
249.249,14780
249.41583333333332,14780
249.58266666666668,14780
249.7495,14780
249.91633333333334,14780
250.08316666666667,14780
250.25,14780
250.41683333333333,14780
250.58366666666666,14780
250.75050000000002,14780
250.91733333333335,14780
251.08416666666668,14780
251.251,14780
251.41783333333333,14780
251.58466666666666,14780
251.7515,14780
251.91833333333335,14780
252.08516666666668,14780
252.252,14780
252.41883333333334,14780
252.58566666666667,14780
252.7525,14780
252.91933333333333,14780
253.08616666666668,14780
253.25300000000001,14780
253.41983333333334,14780
253.58666666666667,14780
253.7535,14780
253.92033333333333,14780
254.08716666666666,14780
254.254,14780
254.42083333333335,14780
254.58766666666668,14780
254.7545,14780
254.92133333333334,14780
255.08816666666667,14780
255.255,14780
255.42183333333332,14780
255.58866666666668,14780
255.7555,14780
255.92233333333334,14780
256.0891666666667,14780
256.25600000000003,14780
256.42283333333336,14780
256.5896666666667,14780
256.7565,14780
256.92333333333335,14780
257.0901666666667,14780
257.257,14780
257.42383333333333,14780
257.59066666666666,14780
257.7575,14780
257.9243333333333,14780
258.09116666666665,14780
258.258,14780
258.4248333333333,14780
258.5916666666667,11750
258.7585,11750
258.92533333333336,11750
259.0921666666667,11750
259.259,11750
259.42583333333334,11750
259.5926666666667,11750
259.7595,11750
259.92633333333333,11699
260.09316666666666,11699
260.26,11699
260.4268333333333,11699
260.59366666666665,11699
260.7605,11699
260.92733333333337,11646
261.0941666666667,11646
261.261,11646
261.42783333333335,11646
261.5946666666667,11593
261.7615,11593
261.92833333333334,11593
262.09516666666667,11593
262.262,11593
262.42883333333333,11593
262.59566666666666,11593
262.7625,11540
262.9293333333333,11540
263.09616666666665,11540
263.263,11540
263.42983333333336,11540
263.5966666666667,11540
263.7635,11540
263.93033333333335,11485
264.0971666666667,11485
264.264,11485
264.43083333333334,11485
264.59766666666667,11432
264.7645,11432
264.9313333333333,11432
265.09816666666666,11432
265.265,11432
265.4318333333333,11432
265.59866666666665,11379
265.76550000000003,11379
265.93233333333336,11379
266.0991666666667,11379
266.266,11379
266.43283333333335,11379
266.5996666666667,11325
266.7665,11325
266.93333333333334,11325
267.10016666666667,11325
267.267,11325
267.4338333333333,11325
267.60066666666665,11325
267.7675,11325
267.9343333333333,11270
268.1011666666667,11270
268.26800000000003,11270
268.43483333333336,11270
268.6016666666667,11219
268.7685,11219
268.93533333333335,11219
269.1021666666667,11219
269.269,11219
269.43583333333333,11219
269.60266666666666,11165
269.7695,11165
269.9363333333333,11165
270.10316666666665,11165
270.27,11165
270.4368333333333,11165
270.6036666666667,11117
270.7705,11117
270.93733333333336,11117
271.1041666666667,11117
271.271,11117
271.43783333333334,11117
271.6046666666667,11117
271.7715,11117
271.93833333333333,11066
272.10516666666666,11066
272.272,11066
272.4388333333333,11066
272.60566666666665,11066
272.7725,11020
272.93933333333337,11020
273.1061666666667,11020
273.273,11020
273.43983333333335,11020
273.6066666666667,10966
273.7735,10966
273.94033333333334,10966
274.10716666666667,10966
274.274,10966
274.44083333333333,10966
274.60766666666666,10915
274.7745,10915
274.9413333333333,10915
275.10816666666665,10915
275.275,10915
275.44183333333336,10915
275.6086666666667,10915
275.7755,10915
275.94233333333335,10863
276.1091666666667,10863
276.276,10863
276.44283333333334,10863
276.60966666666667,10863
276.7765,10863
276.9433333333333,10863
277.11016666666666,10863
277.277,10863
277.4438333333333,10863
277.61066666666665,10863
277.77750000000003,10863
277.94433333333336,10863
278.1111666666667,10863
278.278,10863
278.44483333333335,10863
278.6116666666667,10863
278.7785,10863
278.94533333333334,10863
279.11216666666667,10863
279.279,10863
279.4458333333333,10863
279.61266666666666,10863
279.7795,10660
279.9463333333333,10660
280.11316666666664,10660
280.28000000000003,10660
280.44683333333336,10660
280.6136666666667,10660
280.7805,10660
280.94733333333335,10606
281.1141666666667,10606
281.281,10606
281.44783333333334,10606
281.61466666666666,10555
281.7815,10555
281.9483333333333,10555
282.11516666666665,10555
282.282,10555
282.4488333333333,10555
282.6156666666667,10502
282.7825,10502
282.94933333333336,10502
283.1161666666667,10502
283.283,10502
283.44983333333334,10502
283.6166666666667,10502
283.7835,10502
283.95033333333333,10453
284.11716666666666,10453
284.284,10453
284.4508333333333,10453
284.61766666666665,10453
284.7845,10403
284.95133333333337,10403
285.1181666666667,10403
285.285,10403
285.45183333333335,10403
285.6186666666667,10403
285.7855,10403
285.95233333333334,10403
286.1191666666667,10403
286.286,10403
286.45283333333333,10403
286.61966666666666,10303
286.7865,10303
286.9533333333333,10303
287.12016666666665,10303
287.287,10303
287.45383333333336,10303
287.6206666666667,10303
287.7875,10303
287.95433333333335,10252
288.1211666666667,10252
288.288,10252
288.45483333333334,10252
288.62166666666667,10252
288.7885,10252
288.95533333333333,10202
289.12216666666666,10202
289.289,10202
289.4558333333333,10202
289.62266666666665,10150
289.78950000000003,10150
289.95633333333336,10150
290.1231666666667,10150
290.29,10150
290.45683333333335,10150
290.6236666666667,10099
290.7905,10099
290.95733333333334,10099
291.12416666666667,10099
291.291,10099
291.4578333333333,10099
291.62466666666666,10099
291.7915,10047
291.9583333333333,10047
292.12516666666664,10047
292.29200000000003,10047
292.45883333333336,10047
292.6256666666667,10047
292.7925,9994
292.95933333333335,9994
293.1261666666667,9994
293.293,9994
293.45983333333334,9994
293.62666666666667,9943
293.7935,9943
293.9603333333333,9943
294.12716666666665,9943
294.294,9943
294.4608333333333,9943
294.6276666666667,9889
294.7945,9889
294.96133333333336,9889
295.1281666666667,9889
295.295,9889
295.46183333333335,9889
295.6286666666667,9889
295.7955,9838
295.96233333333333,9838
296.12916666666666,9838
296.296,9838
296.4628333333333,9838
296.62966666666665,9838
296.7965,9786
296.96333333333337,9786
297.1301666666667,9786
297.297,9786
297.46383333333335,9786
297.6306666666667,9736
297.7975,9736
297.96433333333334,9736
298.1311666666667,9736
298.298,9736
298.46483333333333,9736
298.63166666666666,9684
298.7985,9684
298.9653333333333,9684
299.13216666666665,9684
299.299,9684
299.46583333333336,9684
299.6326666666667,9684
299.7995,9684
299.96633333333335,9632
300.1331666666667,9632
300.3,9632
300.46683333333334,9632
300.63366666666667,9632
300.8005,9576
300.96733333333333,9576
301.13416666666666,9576
301.301,9576
301.4678333333333,9576
301.63466666666665,95721
301.80150000000003,9571
301.96833333333336,9571
302.1351666666667,9571
302.302,9571
302.46883333333335,9571
302.6356666666667,9465
302.8025,9465
302.96933333333334,9465
303.13616666666667,9465
303.303,9465
303.4698333333333,9465
303.63666666666666,9465
303.8035,9465
303.9703333333333,9406
304.13716666666664,9406
304.30400000000003,9406
304.47083333333336,9406
304.6376666666667,9406
304.8045,9347
304.97133333333335,9347
305.1381666666667,9347
305.305,9347
305.47183333333334,9347
305.63866666666667,9287
305.8055,9287
305.9723333333333,9287
306.13916666666665,9287
306.306,9287
306.4728333333333,9287
306.6396666666667,9225
306.8065,9225
306.97333333333336,9275
307.1401666666667,9225
307.307,9225
307.47383333333335,9225
307.6406666666667,9164
307.8075,9164
307.97433333333333,9164
308.14116666666666,9164
308.308,9164
308.4748333333333,9164
308.64166666666665,9164
308.8085,9103
308.97533333333337,9103
309.1421666666667,9103
309.309,9103
309.47583333333336,9103
309.6426666666667,9043
309.8095,9043
309.97633333333334,9043
310.1431666666667,9043
310.31,9043
310.47683333333333,9043
310.64366666666666,8988
310.8105,8988
310.9773333333333,8988
311.14416666666665,8988
311.311,8988
311.47783333333336,8988
311.6446666666667,8988
311.8115,8932
311.97833333333335,8932
312.1451666666667,8932
312.312,8932
312.47883333333334,8932
312.64566666666667,8932
312.8125,8932
312.97933333333333,8932
313.14616666666666,8932
313.313,8932
313.4798333333333,8932
313.64666666666665,8823
313.81350000000003,8823
313.98033333333336,8823
314.1471666666667,8823
314.314,8823
314.48083333333335,8823
314.6476666666667,8768
314.8145,8768
314.98133333333334,8768
315.14816666666667,8768
315.315,8768
315.4818333333333,8768
315.64866666666666,8768
315.8155,8714
315.9823333333333,8714
316.14916666666664,8714
316.31600000000003,8714
316.48283333333336,8714
316.6496666666667,8714
316.8165,8658
316.98333333333335,8658
317.1501666666667,8658
317.317,8658
317.48383333333334,8658
317.65066666666667,8603
317.8175,8603
317.9843333333333,8603
318.15116666666665,8603
318.318,8603
318.4848333333333,8603
318.6516666666667,8550
318.81850000000003,8550
318.98533333333336,8550
319.1521666666667,8550
319.319,8550
319.48583333333335,8550
319.6526666666667,8550
319.8195,8495
319.98633333333333,8495
320.15316666666666,8495
320.32,8495
320.4868333333333,8495
320.65366666666665,8495
320.8205,8443
320.9873333333333,8443
321.1541666666667,8443
321.321,8443
321.48783333333336,8443
321.6546666666667,8443
321.8215,8443
321.98833333333334,8443
322.1551666666667,8443
322.322,8443
322.48883333333333,8443
322.65566666666666,8443
322.8225,8443
322.9893333333333,8443
323.15616666666665,8443
323.323,8443
323.48983333333337,8443
323.6566666666667,8443
323.8235,8443
323.99033333333335,8443
324.1571666666667,8443
324.324,8443
324.49083333333334,8443
324.65766666666667,8443
324.8245,8443
324.99133333333333,8443
325.15816666666666,8443
325.325,8443
325.4918333333333,8443
325.65866666666665,8443
325.82550000000003,8443
325.99233333333336,8443
326.1591666666667,8443
326.326,8443
326.49283333333335,8443
326.6596666666667,8132
326.8265,8132
326.99333333333334,8132
327.16016666666667,8132
327.327,8132
327.4938333333333,8132
327.66066666666666,8132
327.8275,8082
327.9943333333333,8082
328.16116666666665,8082
328.32800000000003,8082
328.49483333333336,8082
328.6616666666667,8082
328.8285,8082
328.99533333333335,8082
329.1621666666667,8082
329.329,8082
329.49583333333334,8082
329.66266666666667,8082
329.8295,8082
329.9963333333333,8082
330.16316666666665,8082
330.33,8082
330.4968333333333,8082
330.6636666666667,8082
330.83050000000003,8082
330.99733333333336,8082
331.1641666666667,8082
331.331,8082
331.49783333333335,8082
331.6646666666667,8082
331.8315,8082
331.99833333333333,8082
332.16516666666666,8082
332.332,8082
332.4988333333333,8082
332.66566666666665,8082
332.8325,8082
332.9993333333333,8082
333.1661666666667,8082
333.333,8082
333.49983333333336,8082
333.6666666666667,8082
333.8335,8082
334.00033333333334,8082
334.1671666666667,8082
334.334,8082
334.50083333333333,8082
334.66766666666666,8082
334.8345,8082
335.0013333333333,8082
335.16816666666665,8082
335.335,8082
335.50183333333337,8082
335.6686666666667,8082
335.8355,8082
336.00233333333335,8082
336.1691666666667,8082
336.336,8082
336.50283333333334,8082
336.66966666666667,8082
336.8365,8082
337.00333333333333,8082
337.17016666666666,8082
337.337,8082
337.5038333333333,8082
337.67066666666665,8082
337.83750000000003,8082
338.00433333333336,8082
338.1711666666667,8082
338.338,8082
338.50483333333335,8082
338.6716666666667,8082
338.8385,8082
339.00533333333334,8082
339.17216666666667,8082
339.339,8082
339.5058333333333,8082
339.67266666666666,8082
339.8395,7471
340.0063333333333,7471
340.17316666666665,7471
340.34000000000003,7471
340.50683333333336,7471
340.6736666666667,7471
340.8405,7421
341.00733333333335,7421
341.1741666666667,7421
341.341,7421
341.50783333333334,7421
341.67466666666667,7371
341.8415,7371
342.0083333333333,7371
342.17516666666666,7371
342.342,7371
342.5088333333333,7371
342.6756666666667,7321
342.84250000000003,7321
343.00933333333336,7321
343.1761666666667,7321
343.343,7321
343.50983333333335,7321
343.6766666666667,7321
343.8435,7271
344.01033333333334,7271
344.17716666666666,7271
344.344,7271
344.5108333333333,7271
344.67766666666665,7271
344.8445,7219
345.0113333333333,7219
345.1781666666667,7219
345.345,7219
345.51183333333336,7219
345.6786666666667,7168
345.8455,7168
346.01233333333334,7168
346.1791666666667,7168
346.346,7168
346.51283333333333,7168
346.67966666666666,7116
346.8465,7116
347.0133333333333,7116
347.18016666666665,7116
347.347,7116
347.51383333333337,7116
347.6806666666667,7116
347.8475,7064
348.01433333333335,7064
348.1811666666667,7064
348.348,7064
348.51483333333334,7064
348.6816666666667,7064
348.8485,7013
349.01533333333333,7013
349.18216666666666,7013
349.349,7013
349.5158333333333,7013
349.68266666666665,6960
349.84950000000003,6960
350.01633333333336,6960
350.1831666666667,6960
350.35,6960
350.51683333333335,6960
350.6836666666667,6909
350.8505,6909
351.01733333333334,6909
351.18416666666667,6909
351.351,6909
351.51783333333333,6909
351.68466666666666,6909
351.8515,6859
352.0183333333333,6859
352.18516666666665,6859
352.35200000000003,6859
352.51883333333336,6859
352.6856666666667,6859
352.8525,6808
353.01933333333335,6808
353.1861666666667,6808
353.353,6808
353.51983333333334,6808
353.68666666666667,6758
353.8535,6758
354.0203333333333,6758
354.18716666666666,6758
354.354,6758
354.5208333333333,6758
354.6876666666667,6706
354.85450000000003,6706
355.02133333333336,6706
355.1881666666667,6706
355.355,6706
355.52183333333335,6706
355.6886666666667,6706
355.8555,6655
356.02233333333334,6655
356.18916666666667,6655
356.356,6655
356.5228333333333,6655
356.68966666666665,6655
356.8565,6604
357.0233333333333,6604
357.1901666666667,6604
357.357,6604
357.52383333333336,6604
357.6906666666667,6555
357.8575,6555
358.02433333333335,6555
358.1911666666667,6555
358.358,6555
358.52483333333333,6555
358.69166666666666,6505
358.8585,6505
359.0253333333333,6505
359.19216666666665,6505
359.359,6505
359.52583333333337,6505
359.6926666666667,6505
359.8595,6455
360.02633333333335,6455
360.1931666666667,6455
360.36,6455
360.52683333333334,6455
360.6936666666667,6455
360.8605,6406
361.02733333333333,6406
361.19416666666666,6406
361.361,6406
361.5278333333333,6406
361.69466666666665,6357
361.8615,6357
362.02833333333336,6357
362.1951666666667,6357
362.362,6357
362.52883333333335,6357
362.6956666666667,6311
362.8625,6311
363.02933333333334,6311
363.19616666666667,6311
363.363,6311
363.52983333333333,6311
363.69666666666666,6311
363.8635,6266
364.0303333333333,6266
364.19716666666665,6266
364.36400000000003,6266
364.53083333333336,6266
364.6976666666667,6266
364.8645,6219
365.03133333333335,6219
365.1981666666667,6219
365.365,6219
365.53183333333334,6219
365.69866666666667,6173
365.8655,6173
366.0323333333333,6173
366.19916666666666,6173
366.366,6173
366.5328333333333,6173
366.6996666666667,6126
366.86650000000003,6126
367.03333333333336,6126
367.2001666666667,6126
367.367,6126
367.53383333333335,6126
367.7006666666667,6126
367.8675,6081
368.03433333333334,6081
368.20116666666667,6081
368.368,6081
368.5348333333333,6081
368.70166666666665,6081
368.8685,6038
369.0353333333333,6038
369.2021666666667,6038
369.369,6038
369.53583333333336,6038
369.7026666666667,5996
369.8695,5996
370.03633333333335,5996
370.2031666666667,5996
370.37,5996
370.53683333333333,5996
370.70366666666666,5953
370.8705,5953
371.0373333333333,5953
371.20416666666665,5953
371.371,5953
371.53783333333337,5953
371.7046666666667,5953
371.8715,5914
372.03833333333336,5914
372.2051666666667,5914
372.372,5914
372.53883333333334,5914
372.7056666666667,5914
372.8725,5914
373.03933333333333,5914
373.20616666666666,5914
373.373,5914
373.5398333333333,5914
373.70666666666665,5829
373.8735,5829
374.04033333333336,5829
374.2071666666667,5829
374.374,5829
374.54083333333335,5829
374.7076666666667,5784
374.8745,5784
375.04133333333334,5784
375.20816666666667,5784
375.375,5784
375.54183333333333,5784
375.70866666666666,5784
375.8755,5744
376.0423333333333,5744
376.20916666666665,5744
376.37600000000003,5744
376.54283333333336,5744
376.7096666666667,5744
376.8765,5705
377.04333333333335,5705
377.2101666666667,5705
377.377,5705
377.54383333333334,5705
377.71066666666667,5665
377.8775,5665
378.0443333333333,5665
378.21116666666666,5665
378.378,5665
378.5448333333333,5665
378.7116666666667,5627
378.87850000000003,5627
379.04533333333336,5627
379.2121666666667,5627
379.379,5627
379.54583333333335,5627
379.7126666666667,5627
379.8795,5589
380.04633333333334,5589
380.21316666666667,5589
380.38,5589
380.5468333333333,5589
380.71366666666665,5589
380.8805,5547
381.0473333333333,5547
381.2141666666667,5547
381.38100000000003,5547
381.54783333333336,5547
381.7146666666667,5507
381.8815,5507
382.04833333333335,5507
382.2151666666667,5507
382.382,5507
382.54883333333333,5507
382.71566666666666,5A65
382.8825,5A65
383.0493333333333,5A65
383.21616666666665,5A65
383.383,5A65
383.54983333333337,5A65
383.7166666666667,5A65
383.8835,5423
384.05033333333336,5423
384.2171666666667,5423
384.384,5423
384.55083333333334,5423
384.7176666666667,5423
384.8845,5380
385.05133333333333,5380
385.21816666666666,5380
385.385,5380
385.5518333333333,5380
385.71866666666665,5336
385.8855,5336
386.05233333333337,5336
386.2191666666667,5336
386.386,5336
386.55283333333335,5336
386.7196666666667,5291
386.8865,5291
387.05333333333334,5291
387.22016666666667,5291
387.387,5291
387.55383333333333,5291
387.72066666666666,5291
387.8875,5245
388.0543333333333,5245
388.22116666666665,5245
388.38800000000003,5245
388.55483333333336,5245
388.7216666666667,5245
388.8885,5199
389.05533333333335,5199
389.2221666666667,5199
389.389,5199
389.55583333333334,5199
389.72266666666667,5151
389.8895,5151
390.0563333333333,5151
390.22316666666666,5151
390.39,5151
390.5568333333333,5151
390.7236666666667,5105
390.89050000000003,5105
391.05733333333336,5105
391.2241666666667,5105
391.391,5105
391.55783333333335,5105
391.7246666666667,5059
391.8915,5059
392.05833333333334,5059
392.22516666666667,5059
392.392,5059
392.5588333333333,5059
392.72566666666665,5059
392.8925,5012
393.0593333333333,5012
393.2261666666667,5012
393.39300000000003,5012
393.55983333333336,5012
393.7266666666667,4965
393.8935,4965
394.06033333333335,4965
394.2271666666667,4965
394.394,4965
394.56083333333333,4917
394.72766666666666,4917
394.8945,4917
395.0613333333333,4917
395.22816666666665,4917
395.395,4917
395.56183333333337,4917
395.7286666666667,4869
395.8955,4869
396.06233333333336,4869
396.2291666666667,4869
396.396,4869
396.56283333333334,4869
396.7296666666667,4869
396.8965,4871
397.06333333333333,4871
397.23016666666666,4871
397.397,4871
397.5638333333333,4770
397.73066666666665,4770
397.8975,4770
398.06433333333337,4770
398.2311666666667,4770
398.398,4770
398.56483333333335,4770
398.7316666666667,4719
398.8985,4719
399.06533333333334,4719
399.23216666666667,4719
399.399,4719
399.56583333333333,4719
399.73266666666666,4683
399.8995,4683
400.0663333333333,4683
400.23316666666665,4683
400.40000000000003,4683
400.56683333333336,4683
400.7336666666667,4683
400.9005,4683
401.06733333333335,4683
401.2341666666667,4683
401.401,4683
401.56783333333334,4683
401.73466666666667,4683
401.9015,4683
402.0683333333333,4683
402.23516666666666,4683
402.402,4683
402.5688333333333,4683
402.73566666666665,4683
402.90250000000003,4683
403.06933333333336,4683
403.2361666666667,4683
403.403,4683
403.56983333333335,4683
403.7366666666667,4683
403.9035,4683
404.07033333333334,4683
404.23716666666667,4683
404.404,4683
404.5708333333333,4683
404.73766666666666,4683
404.9045,4683
405.0713333333333,4683
